USE systransport;
#
# TABLE STRUCTURE FOR: user_accounts
#

#DROP TABLE IF EXISTS `user_accounts`;



INSERT INTO `user_accounts` (`account_id`, `login_email`, `is_enabled`, `password_hash`, `date_created`) VALUES (1, 'ahmed.quigley@yahoo.com', '0', 'a06d0274ed9d6125dfe5011731bfc18b', '1986-06-03 00:28:55');
INSERT INTO `user_accounts` (`account_id`, `login_email`, `is_enabled`, `password_hash`, `date_created`) VALUES (2, 'king97@yahoo.com', '0', 'f661dac58e2665cdbf2b75824a4c6218', '2014-08-22 02:37:27');
INSERT INTO `user_accounts` (`account_id`, `login_email`, `is_enabled`, `password_hash`, `date_created`) VALUES (3, 'leonor53@yahoo.com', '1', 'b6f1e6cdc538561bf1d29c3062eda3bc', '1986-05-31 06:54:46');
INSERT INTO `user_accounts` (`account_id`, `login_email`, `is_enabled`, `password_hash`, `date_created`) VALUES (4, 'rau.lura@gmail.com', '1', '7696e56ae1ac3068faf68fda6d66c6ba', '1988-07-26 13:30:07');
INSERT INTO `user_accounts` (`account_id`, `login_email`, `is_enabled`, `password_hash`, `date_created`) VALUES (5, 'turner.ocie@hotmail.com', '1', 'c09e094450a154a148031ce204f332ba', '1972-08-05 20:02:11');
INSERT INTO `user_accounts` (`account_id`, `login_email`, `is_enabled`, `password_hash`, `date_created`) VALUES (6, 'beahan.berta@yahoo.com', '0', '3bcaf88308745bc21edf763afeca529f', '1976-12-31 21:12:29');
INSERT INTO `user_accounts` (`account_id`, `login_email`, `is_enabled`, `password_hash`, `date_created`) VALUES (7, 'karlee48@yahoo.com', '0', '7c9fd3bbe91c45644ffdb9c6399c0997', '2014-07-19 21:30:35');
INSERT INTO `user_accounts` (`account_id`, `login_email`, `is_enabled`, `password_hash`, `date_created`) VALUES (8, 'stiedemann.ali@hotmail.com', '1', '992aefefc98db2ff23eebea6f7fa6b10', '1972-08-12 04:02:58');
INSERT INTO `user_accounts` (`account_id`, `login_email`, `is_enabled`, `password_hash`, `date_created`) VALUES (9, 'kenneth.lang@hotmail.com', '0', 'fec3934732c93523663f2dead4a82fa3', '2008-02-29 16:38:26');
INSERT INTO `user_accounts` (`account_id`, `login_email`, `is_enabled`, `password_hash`, `date_created`) VALUES (10, 'vhodkiewicz@gmail.com', '1', 'c3c1329dde91635ef353cd4f71dafa82', '1976-04-28 06:45:07');
INSERT INTO `user_accounts` (`account_id`, `login_email`, `is_enabled`, `password_hash`, `date_created`) VALUES (11, 'blair59@yahoo.com', '1', '305a40f8d079ed68dbfce10a0c6ceb58', '2016-09-12 20:49:07');
INSERT INTO `user_accounts` (`account_id`, `login_email`, `is_enabled`, `password_hash`, `date_created`) VALUES (12, 'rogahn.randi@hotmail.com', '0', '8bc34494dc5e3bf6ac907019b0c3fa84', '1974-03-19 14:28:30');
INSERT INTO `user_accounts` (`account_id`, `login_email`, `is_enabled`, `password_hash`, `date_created`) VALUES (13, 'josephine.kreiger@gmail.com', '0', 'e89c6276fa5fe6334f71ac2491e20b65', '1990-09-23 09:49:16');
INSERT INTO `user_accounts` (`account_id`, `login_email`, `is_enabled`, `password_hash`, `date_created`) VALUES (14, 'markus.harvey@hotmail.com', '0', '2cb8c8cf9739e6977bc8dd285aee895e', '1989-11-11 17:50:45');
INSERT INTO `user_accounts` (`account_id`, `login_email`, `is_enabled`, `password_hash`, `date_created`) VALUES (15, 'sandra29@gmail.com', '1', '1a00fab82bfddd2f799e7a39c1475f75', '1978-04-16 17:13:50');
INSERT INTO `user_accounts` (`account_id`, `login_email`, `is_enabled`, `password_hash`, `date_created`) VALUES (16, 'keeling.triston@hotmail.com', '0', '65af17bfcdac1978d0240dc8784bd339', '1975-05-20 01:09:10');
INSERT INTO `user_accounts` (`account_id`, `login_email`, `is_enabled`, `password_hash`, `date_created`) VALUES (17, 'romaguera.dell@gmail.com', '1', 'e9f8aaa941a240294bb51ba34477faa5', '2014-04-03 12:33:27');
INSERT INTO `user_accounts` (`account_id`, `login_email`, `is_enabled`, `password_hash`, `date_created`) VALUES (18, 'qo\'hara@yahoo.com', '0', '5d09cd79454d05ec76a58b31edd32987', '1997-06-22 06:28:38');
INSERT INTO `user_accounts` (`account_id`, `login_email`, `is_enabled`, `password_hash`, `date_created`) VALUES (19, 'gloria63@hotmail.com', '0', 'ffe2b71d8b4df229cc7727a21d6aa686', '2010-01-24 17:51:39');
INSERT INTO `user_accounts` (`account_id`, `login_email`, `is_enabled`, `password_hash`, `date_created`) VALUES (20, 'huel.kaitlin@gmail.com', '0', '92bc7f022fea223d4ae829a5e7f2e299', '1979-12-05 23:23:23');
INSERT INTO `user_accounts` (`account_id`, `login_email`, `is_enabled`, `password_hash`, `date_created`) VALUES (21, 'hnikolaus@yahoo.com', '0', '95ea679925c1e8ac0976ec2dacca089b', '1971-12-14 16:14:37');
INSERT INTO `user_accounts` (`account_id`, `login_email`, `is_enabled`, `password_hash`, `date_created`) VALUES (22, 'pharvey@hotmail.com', '0', 'b15b4a8b7310929fcbcb0c321e462654', '2010-05-03 22:38:33');
INSERT INTO `user_accounts` (`account_id`, `login_email`, `is_enabled`, `password_hash`, `date_created`) VALUES (23, 'econsidine@yahoo.com', '0', '010831e2ac9bb1d18653a73c890d5340', '1987-10-03 00:28:00');
INSERT INTO `user_accounts` (`account_id`, `login_email`, `is_enabled`, `password_hash`, `date_created`) VALUES (24, 'leopold10@gmail.com', '0', '3fe6f8cc04c05692c2ed3f74d6663ddb', '2016-01-12 19:41:42');
INSERT INTO `user_accounts` (`account_id`, `login_email`, `is_enabled`, `password_hash`, `date_created`) VALUES (25, 'cedrick89@yahoo.com', '0', '8ba4537859e7c94677fb336927f9ba7b', '2005-04-21 20:44:20');
INSERT INTO `user_accounts` (`account_id`, `login_email`, `is_enabled`, `password_hash`, `date_created`) VALUES (26, 'tiffany31@hotmail.com', '0', '6311109508127e1dbda9804c3fd611eb', '1973-05-03 00:55:02');
INSERT INTO `user_accounts` (`account_id`, `login_email`, `is_enabled`, `password_hash`, `date_created`) VALUES (27, 'vita.kris@gmail.com', '1', '6a3f245b557a7cde92b3f4163626a229', '1972-03-03 00:01:03');
INSERT INTO `user_accounts` (`account_id`, `login_email`, `is_enabled`, `password_hash`, `date_created`) VALUES (28, 'mable.klocko@yahoo.com', '0', '2f3b348dce7a0e57eacf8c539f07094a', '2000-09-26 00:13:18');
INSERT INTO `user_accounts` (`account_id`, `login_email`, `is_enabled`, `password_hash`, `date_created`) VALUES (29, 'arlie.howe@gmail.com', '1', '96a6366556f7b7c0310d76d632471dfb', '2005-08-07 16:10:37');
INSERT INTO `user_accounts` (`account_id`, `login_email`, `is_enabled`, `password_hash`, `date_created`) VALUES (30, 'lehner.shanelle@gmail.com', '1', 'a2c633b1ff63535b47a3d54a217267dd', '2014-09-19 20:37:23');
INSERT INTO `user_accounts` (`account_id`, `login_email`, `is_enabled`, `password_hash`, `date_created`) VALUES (31, 'maia.toy@hotmail.com', '0', 'beb0cd7f33bdc5134577580a6de7c774', '1977-06-06 12:40:20');
INSERT INTO `user_accounts` (`account_id`, `login_email`, `is_enabled`, `password_hash`, `date_created`) VALUES (32, 'nikita38@hotmail.com', '0', 'd62dddfb94b797b3622ed4e98044d745', '1972-07-01 20:25:35');
INSERT INTO `user_accounts` (`account_id`, `login_email`, `is_enabled`, `password_hash`, `date_created`) VALUES (33, 'schroeder.braulio@yahoo.com', '0', '3da991bb473185dff56991b8aca52336', '1974-08-13 19:42:09');
INSERT INTO `user_accounts` (`account_id`, `login_email`, `is_enabled`, `password_hash`, `date_created`) VALUES (34, 'gerhard52@hotmail.com', '0', '2e3c9a308236e56d5fcd62e6fb8c74d1', '1984-06-03 13:25:26');
INSERT INTO `user_accounts` (`account_id`, `login_email`, `is_enabled`, `password_hash`, `date_created`) VALUES (35, 'erick61@hotmail.com', '0', 'a34ebd2e4fba06b37ae4e5dc0584c43d', '1995-08-23 22:04:14');
INSERT INTO `user_accounts` (`account_id`, `login_email`, `is_enabled`, `password_hash`, `date_created`) VALUES (36, 'fritsch.anderson@yahoo.com', '0', '85105544e98ee0420415f2a07965f353', '2008-07-03 07:56:49');
INSERT INTO `user_accounts` (`account_id`, `login_email`, `is_enabled`, `password_hash`, `date_created`) VALUES (37, 'ho\'conner@yahoo.com', '1', '99e9a748420dfee306e6698164bd0830', '1972-04-22 15:36:13');
INSERT INTO `user_accounts` (`account_id`, `login_email`, `is_enabled`, `password_hash`, `date_created`) VALUES (38, 'bailey62@yahoo.com', '1', 'c9a97449778d8271eada37b951bab365', '2017-07-11 03:36:29');
INSERT INTO `user_accounts` (`account_id`, `login_email`, `is_enabled`, `password_hash`, `date_created`) VALUES (39, 'kunze.jazmyne@gmail.com', '0', '8386bacac8afb44c893689d4d2fcb467', '1970-08-29 04:44:07');
INSERT INTO `user_accounts` (`account_id`, `login_email`, `is_enabled`, `password_hash`, `date_created`) VALUES (40, 'josie.toy@gmail.com', '1', '9e40d009cee9e417d68e347128d64e87', '1993-04-08 19:57:52');
INSERT INTO `user_accounts` (`account_id`, `login_email`, `is_enabled`, `password_hash`, `date_created`) VALUES (41, 'lehner.pearline@gmail.com', '0', 'e097bae126d5523225135d0a25a349f2', '1984-01-25 20:11:56');
INSERT INTO `user_accounts` (`account_id`, `login_email`, `is_enabled`, `password_hash`, `date_created`) VALUES (42, 'josiah.zieme@yahoo.com', '0', '7a3fcf5804a0a3c37b8ef5bb7854451e', '1971-08-14 01:48:02');
INSERT INTO `user_accounts` (`account_id`, `login_email`, `is_enabled`, `password_hash`, `date_created`) VALUES (43, 'gibson.ellsworth@gmail.com', '1', '423ce59d130199daddf74acc2ec5d481', '2007-12-14 16:34:20');
INSERT INTO `user_accounts` (`account_id`, `login_email`, `is_enabled`, `password_hash`, `date_created`) VALUES (44, 'altenwerth.oda@yahoo.com', '1', 'f319da3fa26b2cc141434a3f1f5ef5e6', '2004-01-26 19:33:14');
INSERT INTO `user_accounts` (`account_id`, `login_email`, `is_enabled`, `password_hash`, `date_created`) VALUES (45, 'elvera.gorczany@hotmail.com', '1', 'e377f526ecd4a6ab585f0772f3affb74', '1989-11-15 22:55:34');
INSERT INTO `user_accounts` (`account_id`, `login_email`, `is_enabled`, `password_hash`, `date_created`) VALUES (46, 'conner32@yahoo.com', '0', '65a52fb25e0a4a8355039b4f0e75fd9e', '2009-04-16 07:28:40');
INSERT INTO `user_accounts` (`account_id`, `login_email`, `is_enabled`, `password_hash`, `date_created`) VALUES (47, 'foster.mitchell@hotmail.com', '0', '2b842f5f830aa8dd6890ad4e7bb3e34a', '1998-09-17 10:59:40');
INSERT INTO `user_accounts` (`account_id`, `login_email`, `is_enabled`, `password_hash`, `date_created`) VALUES (48, 'ylemke@hotmail.com', '1', '542ed9df6ae42cfc3f9f67493809f811', '2011-12-05 11:23:46');
INSERT INTO `user_accounts` (`account_id`, `login_email`, `is_enabled`, `password_hash`, `date_created`) VALUES (49, 'lessie.koepp@yahoo.com', '1', '7a62ab7c94f1a9809540bd3d33daf369', '1981-02-11 05:17:44');
INSERT INTO `user_accounts` (`account_id`, `login_email`, `is_enabled`, `password_hash`, `date_created`) VALUES (50, 'vtillman@yahoo.com', '1', '6782c49bfad0a9a6c51e90030e2bc304', '2017-02-24 22:18:18');
INSERT INTO `user_accounts` (`account_id`, `login_email`, `is_enabled`, `password_hash`, `date_created`) VALUES (51, 'scorkery@yahoo.com', '1', 'db0cb3d88a8ed066103c882f1d225771', '1990-08-11 02:59:00');
INSERT INTO `user_accounts` (`account_id`, `login_email`, `is_enabled`, `password_hash`, `date_created`) VALUES (52, 'peggie.konopelski@hotmail.com', '0', 'f9cbdb832c173e6952e3cc3537000162', '1984-12-15 03:18:38');
INSERT INTO `user_accounts` (`account_id`, `login_email`, `is_enabled`, `password_hash`, `date_created`) VALUES (53, 'jamel67@yahoo.com', '0', 'd5b4ecb49996594ca65219dcb7103f6c', '1975-03-28 18:08:46');
INSERT INTO `user_accounts` (`account_id`, `login_email`, `is_enabled`, `password_hash`, `date_created`) VALUES (54, 'renee89@gmail.com', '1', 'b5d42d12ad4aaacd7d6b84d7022b0aa7', '1970-05-29 08:12:21');
INSERT INTO `user_accounts` (`account_id`, `login_email`, `is_enabled`, `password_hash`, `date_created`) VALUES (55, 'ambrose.dare@yahoo.com', '0', '82532715809ae9e3c345522a4afd7e61', '1983-10-22 00:02:48');
INSERT INTO `user_accounts` (`account_id`, `login_email`, `is_enabled`, `password_hash`, `date_created`) VALUES (56, 'tryan@yahoo.com', '1', '961be31110e0dd3a2e111745d5760da8', '2000-03-04 17:36:54');
INSERT INTO `user_accounts` (`account_id`, `login_email`, `is_enabled`, `password_hash`, `date_created`) VALUES (57, 'sgislason@gmail.com', '0', 'f07a62b966cfe51bc9fe9664be831d8c', '2003-11-15 03:34:59');
INSERT INTO `user_accounts` (`account_id`, `login_email`, `is_enabled`, `password_hash`, `date_created`) VALUES (58, 'plehner@yahoo.com', '1', '88b99aef58bf29614bd50c0866dbd77a', '1998-05-03 21:56:17');
INSERT INTO `user_accounts` (`account_id`, `login_email`, `is_enabled`, `password_hash`, `date_created`) VALUES (59, 'igoyette@yahoo.com', '1', '911278bba55d832e78b59fc85e63986f', '1972-06-09 22:15:08');
INSERT INTO `user_accounts` (`account_id`, `login_email`, `is_enabled`, `password_hash`, `date_created`) VALUES (60, 'yessenia.o\'keefe@gmail.com', '0', 'b4ab6c14e333bf21c0f3a6e9fb67e9b8', '2011-03-09 18:18:57');
INSERT INTO `user_accounts` (`account_id`, `login_email`, `is_enabled`, `password_hash`, `date_created`) VALUES (61, 'kassulke.braeden@hotmail.com', '0', 'de3a663b1954cb94b44e447b41857f71', '2019-01-18 08:36:25');
INSERT INTO `user_accounts` (`account_id`, `login_email`, `is_enabled`, `password_hash`, `date_created`) VALUES (62, 'llewellyn.metz@gmail.com', '0', '94f84d0d76c6a329e2c52a7c8f91a0f2', '2012-05-26 04:32:10');
INSERT INTO `user_accounts` (`account_id`, `login_email`, `is_enabled`, `password_hash`, `date_created`) VALUES (63, 'isabella49@gmail.com', '1', '44533a4bbdc50c2e18933e2b974fb70f', '1981-01-18 05:44:46');
INSERT INTO `user_accounts` (`account_id`, `login_email`, `is_enabled`, `password_hash`, `date_created`) VALUES (64, 'dkuhic@gmail.com', '1', '9130fce20ef0a95b31913f08be2181da', '2006-03-30 16:50:59');
INSERT INTO `user_accounts` (`account_id`, `login_email`, `is_enabled`, `password_hash`, `date_created`) VALUES (65, 'dewitt81@gmail.com', '1', 'fdb5c645544a710907910c10cf813bab', '1970-05-24 20:04:19');
INSERT INTO `user_accounts` (`account_id`, `login_email`, `is_enabled`, `password_hash`, `date_created`) VALUES (66, 'fwilderman@gmail.com', '1', '0bf9e05ce68e1c2a58629c42012d5977', '2003-04-03 13:16:09');
INSERT INTO `user_accounts` (`account_id`, `login_email`, `is_enabled`, `password_hash`, `date_created`) VALUES (67, 'demarco92@yahoo.com', '1', '60a2624feddb57cc10c67a06aa86545c', '1990-07-01 09:29:52');
INSERT INTO `user_accounts` (`account_id`, `login_email`, `is_enabled`, `password_hash`, `date_created`) VALUES (68, 'esmeralda.lebsack@gmail.com', '0', '08b59fb929443821e6dcbf9fe413f8ae', '2000-08-23 01:11:55');
INSERT INTO `user_accounts` (`account_id`, `login_email`, `is_enabled`, `password_hash`, `date_created`) VALUES (69, 'feeney.johnathon@gmail.com', '0', '34e3925d7add7dbde03370026a8f1f10', '2016-01-23 13:56:34');
INSERT INTO `user_accounts` (`account_id`, `login_email`, `is_enabled`, `password_hash`, `date_created`) VALUES (70, 'aliza.gleichner@gmail.com', '1', 'c8cd05e234fa00a51a49870fcba14293', '2013-02-02 02:30:16');
INSERT INTO `user_accounts` (`account_id`, `login_email`, `is_enabled`, `password_hash`, `date_created`) VALUES (71, 'audrey64@gmail.com', '0', 'fa69e0a013cc1959be9eca2a2b71359f', '2011-01-11 10:02:01');
INSERT INTO `user_accounts` (`account_id`, `login_email`, `is_enabled`, `password_hash`, `date_created`) VALUES (72, 'tmurray@hotmail.com', '1', '02397ef78885e138b4eeb157a3b1610f', '1972-02-19 04:41:12');
INSERT INTO `user_accounts` (`account_id`, `login_email`, `is_enabled`, `password_hash`, `date_created`) VALUES (73, 'collier.lavonne@hotmail.com', '0', 'af19d208b8986498d420ed888cd6c092', '2019-10-04 04:17:11');
INSERT INTO `user_accounts` (`account_id`, `login_email`, `is_enabled`, `password_hash`, `date_created`) VALUES (74, 'ckling@hotmail.com', '0', 'f1a75125ebff32ebbc455371dc0bf188', '1981-04-05 19:25:00');
INSERT INTO `user_accounts` (`account_id`, `login_email`, `is_enabled`, `password_hash`, `date_created`) VALUES (75, 'kody.muller@yahoo.com', '0', '7cbabccfcc42e19374459a336bf8ba30', '1995-08-12 09:18:27');
INSERT INTO `user_accounts` (`account_id`, `login_email`, `is_enabled`, `password_hash`, `date_created`) VALUES (76, 'fae.bednar@gmail.com', '1', 'e5efeeda6f0bf29ae395163ed7563baf', '1990-11-15 20:20:10');
INSERT INTO `user_accounts` (`account_id`, `login_email`, `is_enabled`, `password_hash`, `date_created`) VALUES (77, 'schoen.petra@yahoo.com', '1', '8f53fae38ac648c5fb4ae3499df289a8', '1991-07-24 05:17:25');
INSERT INTO `user_accounts` (`account_id`, `login_email`, `is_enabled`, `password_hash`, `date_created`) VALUES (78, 'aweimann@gmail.com', '0', '8f5d9c2b8f4c0d1ba238b6a4ae3e5f2a', '2008-04-11 14:12:41');
INSERT INTO `user_accounts` (`account_id`, `login_email`, `is_enabled`, `password_hash`, `date_created`) VALUES (79, 'toni.hodkiewicz@gmail.com', '0', '4ad72ce7ea7776ae5dc0ada937ff06d0', '1986-10-10 07:25:14');
INSERT INTO `user_accounts` (`account_id`, `login_email`, `is_enabled`, `password_hash`, `date_created`) VALUES (80, 'aubree.hilll@hotmail.com', '0', '7ef6b03acb4727f61756798634f8b07e', '2008-10-15 12:14:43');
INSERT INTO `user_accounts` (`account_id`, `login_email`, `is_enabled`, `password_hash`, `date_created`) VALUES (81, 'pkeeling@hotmail.com', '1', '7e453c80144a87efef19958c81f234f9', '2018-06-02 21:52:11');
INSERT INTO `user_accounts` (`account_id`, `login_email`, `is_enabled`, `password_hash`, `date_created`) VALUES (82, 'hammes.cleora@yahoo.com', '1', '9a5a23023950a9910cd7c058f534066a', '1991-04-16 22:21:27');
INSERT INTO `user_accounts` (`account_id`, `login_email`, `is_enabled`, `password_hash`, `date_created`) VALUES (83, 'solon12@hotmail.com', '1', 'bacf0ffc0cd0f70c1026e8ea7447099f', '1981-12-23 20:48:24');
INSERT INTO `user_accounts` (`account_id`, `login_email`, `is_enabled`, `password_hash`, `date_created`) VALUES (84, 'tlangosh@yahoo.com', '1', 'b4ffa562fb09d57264ce8ba82d796f5d', '1998-09-16 19:12:44');
INSERT INTO `user_accounts` (`account_id`, `login_email`, `is_enabled`, `password_hash`, `date_created`) VALUES (85, 'dortha.cormier@hotmail.com', '0', 'ad60d1ff054d3b724c8d3b961162184a', '1985-12-06 09:20:56');
INSERT INTO `user_accounts` (`account_id`, `login_email`, `is_enabled`, `password_hash`, `date_created`) VALUES (86, 'boehm.braeden@gmail.com', '1', 'b81da9f31ea11232f1d78932a4ff9414', '2006-08-22 04:27:00');
INSERT INTO `user_accounts` (`account_id`, `login_email`, `is_enabled`, `password_hash`, `date_created`) VALUES (87, 'earnest.waters@hotmail.com', '1', '2daee9399137768e688123c89235e64e', '1986-04-29 12:25:58');
INSERT INTO `user_accounts` (`account_id`, `login_email`, `is_enabled`, `password_hash`, `date_created`) VALUES (88, 'steve11@gmail.com', '0', '5c4a296bddc95dd1c180112d85679791', '1977-05-24 14:48:20');
INSERT INTO `user_accounts` (`account_id`, `login_email`, `is_enabled`, `password_hash`, `date_created`) VALUES (89, 'bernhard.florine@yahoo.com', '1', '45e344179a5ea4b2753e8d74df5a76a2', '1994-05-12 05:22:06');
INSERT INTO `user_accounts` (`account_id`, `login_email`, `is_enabled`, `password_hash`, `date_created`) VALUES (90, 'dameon12@hotmail.com', '1', '3625f9301f111c23daab218ce67ed674', '1996-05-29 14:53:52');
INSERT INTO `user_accounts` (`account_id`, `login_email`, `is_enabled`, `password_hash`, `date_created`) VALUES (91, 'albertha.sipes@hotmail.com', '1', 'ff5e6003c0cc3afbc80e5bac5eca8f2e', '1999-06-21 07:04:22');
INSERT INTO `user_accounts` (`account_id`, `login_email`, `is_enabled`, `password_hash`, `date_created`) VALUES (92, 'bjerde@hotmail.com', '1', 'af405164356cbc68e8905dbc1497820b', '1970-10-10 00:00:53');
INSERT INTO `user_accounts` (`account_id`, `login_email`, `is_enabled`, `password_hash`, `date_created`) VALUES (93, 'marlee94@hotmail.com', '1', '21eb8e8f5850f632b80af976944697d3', '1997-05-20 02:17:14');
INSERT INTO `user_accounts` (`account_id`, `login_email`, `is_enabled`, `password_hash`, `date_created`) VALUES (94, 'langosh.jerad@hotmail.com', '1', 'ced65868fe4b12fd97ee1b74fbc7b6ba', '1994-04-12 10:07:45');
INSERT INTO `user_accounts` (`account_id`, `login_email`, `is_enabled`, `password_hash`, `date_created`) VALUES (95, 'orie.marvin@gmail.com', '1', 'e3cf2df43cb1dcc40087f5e8f4dedbb5', '1998-07-14 23:58:09');
INSERT INTO `user_accounts` (`account_id`, `login_email`, `is_enabled`, `password_hash`, `date_created`) VALUES (96, 'harvey.savanah@gmail.com', '1', '097136d132d58a04be6fd8f214a59354', '2019-05-26 10:26:50');
INSERT INTO `user_accounts` (`account_id`, `login_email`, `is_enabled`, `password_hash`, `date_created`) VALUES (97, 'harris.aurore@gmail.com', '0', '60f912686289d638232a8faa5c5cfb53', '2015-10-22 10:07:29');
INSERT INTO `user_accounts` (`account_id`, `login_email`, `is_enabled`, `password_hash`, `date_created`) VALUES (98, 'judge63@gmail.com', '1', 'b7cbd786e52d57702ee423c3149dc7bf', '1985-12-12 19:58:54');
INSERT INTO `user_accounts` (`account_id`, `login_email`, `is_enabled`, `password_hash`, `date_created`) VALUES (99, 'schiller.scottie@gmail.com', '0', '520cf0f643ca3f0561eec360ca516162', '1986-06-03 18:59:39');
INSERT INTO `user_accounts` (`account_id`, `login_email`, `is_enabled`, `password_hash`, `date_created`) VALUES (100, 'lois.mante@hotmail.com', '0', '9d9f27192e999dd242fac9d27b9325c7', '2015-07-06 13:24:08');
INSERT INTO `user_accounts` (`account_id`, `login_email`, `is_enabled`, `password_hash`, `date_created`) VALUES (101, 'bailey.stacey@hotmail.com', '0', 'e1a45429ac419397aad5a4d9a0240637', '2012-09-10 06:57:46');
INSERT INTO `user_accounts` (`account_id`, `login_email`, `is_enabled`, `password_hash`, `date_created`) VALUES (102, 'nader.kayleigh@yahoo.com', '1', '176d63fe1be988a04ee30c09b135f3ff', '1985-10-31 08:13:38');
INSERT INTO `user_accounts` (`account_id`, `login_email`, `is_enabled`, `password_hash`, `date_created`) VALUES (103, 'erling78@hotmail.com', '1', '3fc7b7a9b8a5e7346d08e5ffff81d4e1', '1985-12-14 00:38:16');
INSERT INTO `user_accounts` (`account_id`, `login_email`, `is_enabled`, `password_hash`, `date_created`) VALUES (104, 'gboyer@hotmail.com', '1', '8bcfff868ca1b13b713b4cb27e01407e', '2010-06-25 22:29:33');
INSERT INTO `user_accounts` (`account_id`, `login_email`, `is_enabled`, `password_hash`, `date_created`) VALUES (105, 'moore.pearlie@yahoo.com', '0', '445bb30d7d91e0032ee214989df7d7f7', '2018-01-03 16:47:16');
INSERT INTO `user_accounts` (`account_id`, `login_email`, `is_enabled`, `password_hash`, `date_created`) VALUES (106, 'lelia.bruen@yahoo.com', '0', 'b5f244110793807cbe4164c02703e632', '1994-10-01 15:48:04');
INSERT INTO `user_accounts` (`account_id`, `login_email`, `is_enabled`, `password_hash`, `date_created`) VALUES (107, 'ckilback@yahoo.com', '1', 'b6d9c35c465ae4c04b8ea7a190171c91', '1982-04-05 05:51:22');
INSERT INTO `user_accounts` (`account_id`, `login_email`, `is_enabled`, `password_hash`, `date_created`) VALUES (108, 'zita.terry@yahoo.com', '0', '8ad49058a22d1ed159093023757baed4', '1991-05-07 02:15:58');
INSERT INTO `user_accounts` (`account_id`, `login_email`, `is_enabled`, `password_hash`, `date_created`) VALUES (109, 'georgiana88@yahoo.com', '1', '8919fa4df30169f6356e54e965750584', '2019-01-15 15:16:28');
INSERT INTO `user_accounts` (`account_id`, `login_email`, `is_enabled`, `password_hash`, `date_created`) VALUES (110, 'vbogan@gmail.com', '0', '14da2166078a5394d304f574375a9767', '2018-03-25 05:06:56');
INSERT INTO `user_accounts` (`account_id`, `login_email`, `is_enabled`, `password_hash`, `date_created`) VALUES (111, 'herzog.judson@gmail.com', '1', 'b2c322ae69ea8961a4d4c8d9048fdc13', '2003-04-23 21:03:03');
INSERT INTO `user_accounts` (`account_id`, `login_email`, `is_enabled`, `password_hash`, `date_created`) VALUES (112, 'ko\'reilly@gmail.com', '0', '740e82a69fe3e2b50804606c87617372', '1972-11-16 07:20:11');
INSERT INTO `user_accounts` (`account_id`, `login_email`, `is_enabled`, `password_hash`, `date_created`) VALUES (113, 'alexandria.gutkowski@gmail.com', '0', '945c12de30834120d1a96ff5bd2c60cd', '1984-03-20 20:25:46');
INSERT INTO `user_accounts` (`account_id`, `login_email`, `is_enabled`, `password_hash`, `date_created`) VALUES (114, 'michele.heathcote@gmail.com', '1', '84cc9eb8b98d0580874929ba00758bbc', '1999-11-15 02:56:38');
INSERT INTO `user_accounts` (`account_id`, `login_email`, `is_enabled`, `password_hash`, `date_created`) VALUES (115, 'kristopher.hamill@gmail.com', '0', 'f77be98bf37029ed04a82d26c271b539', '1988-04-02 09:06:28');
INSERT INTO `user_accounts` (`account_id`, `login_email`, `is_enabled`, `password_hash`, `date_created`) VALUES (116, 'crau@hotmail.com', '1', '7e8da4390bd2e81d9b079c16b161d1c0', '1983-11-24 18:48:42');
INSERT INTO `user_accounts` (`account_id`, `login_email`, `is_enabled`, `password_hash`, `date_created`) VALUES (117, 'brooks.blick@gmail.com', '1', '8e2736f587f0eeeb946b534fdeec0a0a', '1981-09-25 19:58:03');
INSERT INTO `user_accounts` (`account_id`, `login_email`, `is_enabled`, `password_hash`, `date_created`) VALUES (118, 'thermiston@yahoo.com', '0', '99190f353718db845e7189edd06505db', '1978-04-19 14:47:25');
INSERT INTO `user_accounts` (`account_id`, `login_email`, `is_enabled`, `password_hash`, `date_created`) VALUES (119, 'kautzer.queenie@yahoo.com', '0', 'bd6960f308d1cfa296a7e17f83d20d67', '1982-01-30 13:42:38');
INSERT INTO `user_accounts` (`account_id`, `login_email`, `is_enabled`, `password_hash`, `date_created`) VALUES (120, 'ewald.hickle@hotmail.com', '0', '1431653c9997234705e4d20ae2d8bfb4', '1976-12-02 15:48:35');

#
# TABLE STRUCTURE FOR: clients
#

#DROP TABLE IF EXISTS `clients`;



INSERT INTO `clients` (`client_id`, `client_name`, `client_surname`, `client_email`, `client_address`, `client_PESEL`, `client_phone_number`, `client_city`, `account_id`) VALUES (1, 'Scotty', 'Stoltenberg', 'ahmed.quigley@yahoo.com', '747 Summer Creek Suite 530', '58239573270', '1-426-343-6806x1923', 'North Betsy', 1);
INSERT INTO `clients` (`client_id`, `client_name`, `client_surname`, `client_email`, `client_address`, `client_PESEL`, `client_phone_number`, `client_city`, `account_id`) VALUES (2, 'Trey', 'Greenfelder', 'king97@yahoo.com', '0925 Marquardt Fields Suite 879', '60823303223', '656-424-3597', 'West Faeshire', 2);
INSERT INTO `clients` (`client_id`, `client_name`, `client_surname`, `client_email`, `client_address`, `client_PESEL`, `client_phone_number`, `client_city`, `account_id`) VALUES (3, 'Ceasar', 'Wilkinson', 'leonor53@yahoo.com', '1763 Amie Station', '53949201256', '1-354-403-8941', 'Traceland', 3);
INSERT INTO `clients` (`client_id`, `client_name`, `client_surname`, `client_email`, `client_address`, `client_PESEL`, `client_phone_number`, `client_city`, `account_id`) VALUES (4, 'Veda', 'Lakin', 'rau.lura@gmail.com', '74302 Jesse Well', '48848923176', '(878)752-6745x96807', 'Darebury', 4);
INSERT INTO `clients` (`client_id`, `client_name`, `client_surname`, `client_email`, `client_address`, `client_PESEL`, `client_phone_number`, `client_city`, `account_id`) VALUES (5, 'Jesus', 'Langosh', 'turner.ocie@hotmail.com', '6742 Ethelyn Lodge', '86049015194', '1-768-441-2583x4241', 'Buckridgeborough', 5);
INSERT INTO `clients` (`client_id`, `client_name`, `client_surname`, `client_email`, `client_address`, `client_PESEL`, `client_phone_number`, `client_city`, `account_id`) VALUES (6, 'Easter', 'Hackett', 'beahan.berta@yahoo.com', '707 Brakus Forges', '82116860390', '1-494-660-8074x681', 'Kautzerborough', 6);
INSERT INTO `clients` (`client_id`, `client_name`, `client_surname`, `client_email`, `client_address`, `client_PESEL`, `client_phone_number`, `client_city`, `account_id`) VALUES (7, 'Leanna', 'Kiehn', 'karlee48@yahoo.com', '73533 Tromp Lodge', '68104353935', '03095767166', 'North Ovashire', 7);
INSERT INTO `clients` (`client_id`, `client_name`, `client_surname`, `client_email`, `client_address`, `client_PESEL`, `client_phone_number`, `client_city`, `account_id`) VALUES (8, 'Filomena', 'Sawayn', 'stiedemann.ali@hotmail.com', '580 Donny Lights Suite 559', '35590050220', '1-318-902-5266', 'South Karaville', 8);
INSERT INTO `clients` (`client_id`, `client_name`, `client_surname`, `client_email`, `client_address`, `client_PESEL`, `client_phone_number`, `client_city`, `account_id`) VALUES (9, 'Elwin', 'Goldner', 'kenneth.lang@hotmail.com', '2711 Medhurst Walks Apt. 757', '63298515797', '01474959711', 'Port Evan', 9);
INSERT INTO `clients` (`client_id`, `client_name`, `client_surname`, `client_email`, `client_address`, `client_PESEL`, `client_phone_number`, `client_city`, `account_id`) VALUES (10, 'Otha', 'Simonis', 'vhodkiewicz@gmail.com', '467 Sandy Square', '56389888972', '1-993-994-0312x8021', 'Port Thad', 10);
INSERT INTO `clients` (`client_id`, `client_name`, `client_surname`, `client_email`, `client_address`, `client_PESEL`, `client_phone_number`, `client_city`, `account_id`) VALUES (11, 'Jacynthe', 'Deckow', 'sblair59@yahoo.com', '1303 Abbott Port', '87927316338', '1-595-198-1221x54241', 'South Patriciaside', 11);
INSERT INTO `clients` (`client_id`, `client_name`, `client_surname`, `client_email`, `client_address`, `client_PESEL`, `client_phone_number`, `client_city`, `account_id`) VALUES (12, 'Joaquin', 'Runolfsdottir', 'rogahn.randi@hotmail.com', '699 Ashley Mountains', '94128198356', '(159)005-8515', 'Isaacborough', 12);
INSERT INTO `clients` (`client_id`, `client_name`, `client_surname`, `client_email`, `client_address`, `client_PESEL`, `client_phone_number`, `client_city`, `account_id`) VALUES (13, 'Ardella', 'Bahringer', 'josephine.kreiger@gmail.com', '5538 Muller Ways Apt. 307', '62409934640', '1-131-312-9225x6655', 'New Isaiburgh', 13);
INSERT INTO `clients` (`client_id`, `client_name`, `client_surname`, `client_email`, `client_address`, `client_PESEL`, `client_phone_number`, `client_city`, `account_id`) VALUES (14, 'Abbigail', 'Abernathy', 'markus.harvey@hotmail.com', '0311 Gutmann Fords', '48126502186', '647.425.6527', 'Genovevaside', 14);
INSERT INTO `clients` (`client_id`, `client_name`, `client_surname`, `client_email`, `client_address`, `client_PESEL`, `client_phone_number`, `client_city`, `account_id`) VALUES (15, 'Eduardo', 'Ziemann', 'sandra29@gmail.com', '088 Bennie Port', '46117689639', '674-601-4617x90156', 'Alvertaborough', 15);
INSERT INTO `clients` (`client_id`, `client_name`, `client_surname`, `client_email`, `client_address`, `client_PESEL`, `client_phone_number`, `client_city`, `account_id`) VALUES (16, 'Trinity', 'Predovic', 'keeling.triston@hotmail.com', '371 Rosemary Spurs Suite 909', '42267192095', '(516)790-0893x2914', 'New Ivahchester', 16);
INSERT INTO `clients` (`client_id`, `client_name`, `client_surname`, `client_email`, `client_address`, `client_PESEL`, `client_phone_number`, `client_city`, `account_id`) VALUES (17, 'Bradley', 'Koss', 'romaguera.dell@gmail.com', '6395 Stamm Heights Suite 035', '74052760184', '882-035-0877x3659', 'Emmaleefort', 17);
INSERT INTO `clients` (`client_id`, `client_name`, `client_surname`, `client_email`, `client_address`, `client_PESEL`, `client_phone_number`, `client_city`, `account_id`) VALUES (18, 'Eve', 'Olson', 'qo\'hara@yahoo.com', '138 Anderson Forge', '39498151838', '(659)748-2549', 'South Montanastad', 18);
INSERT INTO `clients` (`client_id`, `client_name`, `client_surname`, `client_email`, `client_address`, `client_PESEL`, `client_phone_number`, `client_city`, `account_id`) VALUES (19, 'Hermann', 'Feest', 'gloria63@hotmail.com', '531 Katlyn Valley Suite 727', '75435240775', '06432266470', 'Kaceyside', 19);
INSERT INTO `clients` (`client_id`, `client_name`, `client_surname`, `client_email`, `client_address`, `client_PESEL`, `client_phone_number`, `client_city`, `account_id`) VALUES (20, 'Orlando', 'Homenick', 'huel.kaitlin@gmail.com', '557 Jackie Falls Suite 712', '95218461842', '1-324-892-1008x58888', 'Laurianeport', 20);
INSERT INTO `clients` (`client_id`, `client_name`, `client_surname`, `client_email`, `client_address`, `client_PESEL`, `client_phone_number`, `client_city`, `account_id`) VALUES (21, 'Rhoda', 'Stehr', 'hnikolaus@yahoo.com', '68970 Aditya Ways', '69920369625', '1-172-808-0960x542', 'New Reece', 21);
INSERT INTO `clients` (`client_id`, `client_name`, `client_surname`, `client_email`, `client_address`, `client_PESEL`, `client_phone_number`, `client_city`, `account_id`) VALUES (22, 'Grace', 'Bartoletti', 'pharvey@hotmail.com', '4301 Klocko Harbors Apt. 692', '44060779094', '533-060-8801', 'Port Alisa', 22);
INSERT INTO `clients` (`client_id`, `client_name`, `client_surname`, `client_email`, `client_address`, `client_PESEL`, `client_phone_number`, `client_city`, `account_id`) VALUES (23, 'Justus', 'Glover', 'econsidine@yahoo.com', '9287 Robel Corners Suite 339', '92598450810', '(685)519-5427x458', 'Fisherfort', 23);
INSERT INTO `clients` (`client_id`, `client_name`, `client_surname`, `client_email`, `client_address`, `client_PESEL`, `client_phone_number`, `client_city`, `account_id`) VALUES (24, 'Loma', 'Torphy', 'leopold10@gmail.com', '02256 Ciara Plaza Suite 455', '47465708464', '570-177-5488x75781', 'Marianamouth', 24);
INSERT INTO `clients` (`client_id`, `client_name`, `client_surname`, `client_email`, `client_address`, `client_PESEL`, `client_phone_number`, `client_city`, `account_id`) VALUES (25, 'Myrtie', 'Bergstrom', 'cedrick89@yahoo.com', '27721 Miller Lock', '86789800197', '(292)472-7676x9515', 'Noeberg', 25);
INSERT INTO `clients` (`client_id`, `client_name`, `client_surname`, `client_email`, `client_address`, `client_PESEL`, `client_phone_number`, `client_city`, `account_id`) VALUES (26, 'Michaela', 'Gibson', 'tiffany31@hotmail.com', '36079 Arvilla Isle Apt. 901', '48830282300', '779-584-9278', 'South Ivoryton', 26);
INSERT INTO `clients` (`client_id`, `client_name`, `client_surname`, `client_email`, `client_address`, `client_PESEL`, `client_phone_number`, `client_city`, `account_id`) VALUES (27, 'Ryley', 'Romaguera', 'vita.kris@gmail.com', '285 Daniela Course', '43978160768', '248.533.7232', 'Port Constance', 27);
INSERT INTO `clients` (`client_id`, `client_name`, `client_surname`, `client_email`, `client_address`, `client_PESEL`, `client_phone_number`, `client_city`, `account_id`) VALUES (28, 'Alanis', 'Paucek', 'mable.klocko@yahoo.com', '079 Boyer Land', '82086257845', '1-518-970-8293', 'Pollymouth', 28);
INSERT INTO `clients` (`client_id`, `client_name`, `client_surname`, `client_email`, `client_address`, `client_PESEL`, `client_phone_number`, `client_city`, `account_id`) VALUES (29, 'Leilani', 'Greenfelder', 'arlie.howe@gmail.com', '2697 Fernando Parkway Apt. 644', '65686968267', '465.315.9138', 'Mayermouth', 29);
INSERT INTO `clients` (`client_id`, `client_name`, `client_surname`, `client_email`, `client_address`, `client_PESEL`, `client_phone_number`, `client_city`, `account_id`) VALUES (30, 'Cristobal', 'West', 'lehner.shanelle@gmail.com', '1998 Mohr Causeway Apt. 114', '89101919622', '885.845.6842', 'South Garfieldside', 30);
INSERT INTO `clients` (`client_id`, `client_name`, `client_surname`, `client_email`, `client_address`, `client_PESEL`, `client_phone_number`, `client_city`, `account_id`) VALUES (31, 'Rickey', 'Buckridge', 'maia.toy@hotmail.com', '58780 Brakus Park', '72867674381', '1-599-205-1684x327', 'Lindland', 31);
INSERT INTO `clients` (`client_id`, `client_name`, `client_surname`, `client_email`, `client_address`, `client_PESEL`, `client_phone_number`, `client_city`, `account_id`) VALUES (32, 'Sarina', 'Fay', 'nikita38@hotmail.com', '587 Breitenberg Summit Suite 992', '92296197981', '875.561.5054x14121', 'Tellyview', 32);
INSERT INTO `clients` (`client_id`, `client_name`, `client_surname`, `client_email`, `client_address`, `client_PESEL`, `client_phone_number`, `client_city`, `account_id`) VALUES (33, 'Abigayle', 'Cummings', 'schroeder.braulio@yahoo.com', '993 Sadie Prairie', '98302335322', '1-735-336-9637x4610', 'Faheyton', 33);
INSERT INTO `clients` (`client_id`, `client_name`, `client_surname`, `client_email`, `client_address`, `client_PESEL`, `client_phone_number`, `client_city`, `account_id`) VALUES (34, 'Britney', 'Murray', 'gerhard52@hotmail.com', '98450 Satterfield Inlet Apt. 643', '68174620628', '333.053.7235x0433', 'New Sophie', 34);
INSERT INTO `clients` (`client_id`, `client_name`, `client_surname`, `client_email`, `client_address`, `client_PESEL`, `client_phone_number`, `client_city`, `account_id`) VALUES (35, 'Kody', 'Cummings', 'erick61@hotmail.com', '6925 Rogahn Crescent Apt. 078', '98523849369', '1-676-301-1387x000', 'Aileenshire', 35);
INSERT INTO `clients` (`client_id`, `client_name`, `client_surname`, `client_email`, `client_address`, `client_PESEL`, `client_phone_number`, `client_city`, `account_id`) VALUES (36, 'Evan', 'Little', 'fritsch.anderson@yahoo.com', '972 Eladio Island', '70425209612', '774.046.5340x58596', 'North Seamus', 36);
INSERT INTO `clients` (`client_id`, `client_name`, `client_surname`, `client_email`, `client_address`, `client_PESEL`, `client_phone_number`, `client_city`, `account_id`) VALUES (37, 'Destiney', 'Yost', 'ho\'conner@yahoo.com', '957 Okey Extensions Suite 076', '80056702197', '+79(7)0316746708', 'East Julianahaven', 37);
INSERT INTO `clients` (`client_id`, `client_name`, `client_surname`, `client_email`, `client_address`, `client_PESEL`, `client_phone_number`, `client_city`, `account_id`) VALUES (38, 'Muhammad', 'Kutch', 'bailey62@yahoo.com', '8499 Savanna Village Apt. 231', '70259660363', '413.437.8788x8217', 'North Theresiaton', 38);
INSERT INTO `clients` (`client_id`, `client_name`, `client_surname`, `client_email`, `client_address`, `client_PESEL`, `client_phone_number`, `client_city`, `account_id`) VALUES (39, 'Raegan', 'Douglas', 'kunze.jazmyne@gmail.com', '4631 Greta Hills', '74596112490', '1-089-344-4567x41336', 'Jazminhaven', 39);
INSERT INTO `clients` (`client_id`, `client_name`, `client_surname`, `client_email`, `client_address`, `client_PESEL`, `client_phone_number`, `client_city`, `account_id`) VALUES (40, 'Marcelino', 'Braun', 'josie.toy@gmail.com', '6093 Alf Pine', '37146569222', '742-218-3083x28964', 'Jerdeville', 40);
INSERT INTO `clients` (`client_id`, `client_name`, `client_surname`, `client_email`, `client_address`, `client_PESEL`, `client_phone_number`, `client_city`, `account_id`) VALUES (41, 'Josie', 'Orn', 'lehner.pearline@gmail.com', '707 Fletcher Points Apt. 736', '55644180447', '+42(8)7720748466', 'Crooksview', 41);
INSERT INTO `clients` (`client_id`, `client_name`, `client_surname`, `client_email`, `client_address`, `client_PESEL`, `client_phone_number`, `client_city`, `account_id`) VALUES (42, 'Ward', 'Ryan', 'josiah.zieme@yahoo.com', '2716 Abernathy Ramp Apt. 108', '42276615828', '403.801.4308', 'South Karinaville', 42);
INSERT INTO `clients` (`client_id`, `client_name`, `client_surname`, `client_email`, `client_address`, `client_PESEL`, `client_phone_number`, `client_city`, `account_id`) VALUES (43, 'Elisa', 'D\'Amore', 'gibson.ellsworth@gmail.com', '25071 Monahan Lakes', '43709195137', '(612)806-1631', 'Denesikchester', 43);
INSERT INTO `clients` (`client_id`, `client_name`, `client_surname`, `client_email`, `client_address`, `client_PESEL`, `client_phone_number`, `client_city`, `account_id`) VALUES (44, 'Marcia', 'Graham', 'altenwerth.oda@yahoo.com', '3710 Makenzie River Apt. 659', '93206388891', '1-392-046-8634', 'Annettaton', 44);
INSERT INTO `clients` (`client_id`, `client_name`, `client_surname`, `client_email`, `client_address`, `client_PESEL`, `client_phone_number`, `client_city`, `account_id`) VALUES (45, 'Caitlyn', 'Braun', 'elvera.gorczany@hotmail.com', '9353 Rolando Bridge Suite 322', '95466183693', '(328)852-1740', 'Port Alvis', 45);
INSERT INTO `clients` (`client_id`, `client_name`, `client_surname`, `client_email`, `client_address`, `client_PESEL`, `client_phone_number`, `client_city`, `account_id`) VALUES (46, 'Katrina', 'Batz', 'conner32@yahoo.com', '161 Luz Lakes', '52686102360', '941.069.9071x80040', 'South Sylvesterchester', 46);
INSERT INTO `clients` (`client_id`, `client_name`, `client_surname`, `client_email`, `client_address`, `client_PESEL`, `client_phone_number`, `client_city`, `account_id`) VALUES (47, 'Jaquan', 'Weissnat', 'foster.mitchell@hotmail.com', '783 Veda Crossing Suite 081', '64423276454', '1-404-866-6730x94935', 'Nienowchester', 47);
INSERT INTO `clients` (`client_id`, `client_name`, `client_surname`, `client_email`, `client_address`, `client_PESEL`, `client_phone_number`, `client_city`, `account_id`) VALUES (48, 'Ashleigh', 'Donnelly', 'ylemke@hotmail.com', '1478 Emard Island', '57742689580', '637.873.1647', 'Birdieshire', 48);
INSERT INTO `clients` (`client_id`, `client_name`, `client_surname`, `client_email`, `client_address`, `client_PESEL`, `client_phone_number`, `client_city`, `account_id`) VALUES (49, 'Mona', 'Kuhn', 'lessie.koepp@yahoo.com', '10498 Albertha Drives Suite 822', '37527375787', '07689219706', 'Beckerview', 49);
INSERT INTO `clients` (`client_id`, `client_name`, `client_surname`, `client_email`, `client_address`, `client_PESEL`, `client_phone_number`, `client_city`, `account_id`) VALUES (50, 'Cortez', 'Krajcik', 'vtillman@yahoo.com', '608 Kohler Skyway Suite 473', '76309736878', '839.821.1560', 'Wymanchester', 50);
INSERT INTO `clients` (`client_id`, `client_name`, `client_surname`, `client_email`, `client_address`, `client_PESEL`, `client_phone_number`, `client_city`, `account_id`) VALUES (51, 'Mayra', 'Goodwin', 'scorkery@yahoo.com', '213 Cruickshank Port', '46488264054', '(987)693-9523x29289', 'East Juanitaton', 51);
INSERT INTO `clients` (`client_id`, `client_name`, `client_surname`, `client_email`, `client_address`, `client_PESEL`, `client_phone_number`, `client_city`, `account_id`) VALUES (52, 'Maye', 'Lehner', 'peggie.konopelski@hotmail.com', '655 Lebsack Row Suite 230', '70405633509', '439-727-7791', 'Webershire', 52);
INSERT INTO `clients` (`client_id`, `client_name`, `client_surname`, `client_email`, `client_address`, `client_PESEL`, `client_phone_number`, `client_city`, `account_id`) VALUES (53, 'Neoma', 'Ferry', 'jamel67@yahoo.com', '25867 Kulas Summit Suite 120', '61736886144', '1-059-150-4500x3569', 'North Brook', 53);
INSERT INTO `clients` (`client_id`, `client_name`, `client_surname`, `client_email`, `client_address`, `client_PESEL`, `client_phone_number`, `client_city`, `account_id`) VALUES (54, 'Kennedi', 'Metz', 'renee89@gmail.com', '0257 Romaguera Ramp Suite 644', '49691287070', '655.587.0822', 'Port Daytonborough', 54);
INSERT INTO `clients` (`client_id`, `client_name`, `client_surname`, `client_email`, `client_address`, `client_PESEL`, `client_phone_number`, `client_city`, `account_id`) VALUES (55, 'Darien', 'Franecki', 'ambrose.dare@yahoo.com', '10445 Emile Ville Suite 607', '81104955584', '+75(7)0677343102', 'West Iva', 55);
INSERT INTO `clients` (`client_id`, `client_name`, `client_surname`, `client_email`, `client_address`, `client_PESEL`, `client_phone_number`, `client_city`, `account_id`) VALUES (56, 'Emilia', 'Feest', 'tryan@yahoo.com', '9272 Harber Courts', '57900374859', '(876)696-7829x8989', 'Jarvisbury', 56);
INSERT INTO `clients` (`client_id`, `client_name`, `client_surname`, `client_email`, `client_address`, `client_PESEL`, `client_phone_number`, `client_city`, `account_id`) VALUES (57, 'Aurelio', 'Mills', 'sgislason@gmail.com', '720 Rowe Greens Suite 772', '84540038854', '1-834-180-1099', 'East Imogeneside', 57);
INSERT INTO `clients` (`client_id`, `client_name`, `client_surname`, `client_email`, `client_address`, `client_PESEL`, `client_phone_number`, `client_city`, `account_id`) VALUES (58, 'Devonte', 'Blanda', 'plehner@yahoo.com', '092 Watson View Suite 738', '83215621233', '1-312-427-9813x894', 'Port Sophie', 58);
INSERT INTO `clients` (`client_id`, `client_name`, `client_surname`, `client_email`, `client_address`, `client_PESEL`, `client_phone_number`, `client_city`, `account_id`) VALUES (59, 'Ashlynn', 'Towne', 'igoyette@yahoo.com', '028 Ruecker Cliff', '84477704346', '870-997-0586x754', 'East Reggiechester', 59);
INSERT INTO `clients` (`client_id`, `client_name`, `client_surname`, `client_email`, `client_address`, `client_PESEL`, `client_phone_number`, `client_city`, `account_id`) VALUES (60, 'Kallie', 'McClure', 'yessenia.o\'keefe@gmail.com', '5681 Donnelly Haven Suite 817', '41934271752', '(133)573-6335', 'North Tatyana', 60);
INSERT INTO `clients` (`client_id`, `client_name`, `client_surname`, `client_email`, `client_address`, `client_PESEL`, `client_phone_number`, `client_city`, `account_id`) VALUES (61, 'Krista', 'Abernathy', 'kassulke.braeden@hotmail.com', '786 Stracke Place Apt. 542', '54031244904', '08839046279', 'South Ora', 61);
INSERT INTO `clients` (`client_id`, `client_name`, `client_surname`, `client_email`, `client_address`, `client_PESEL`, `client_phone_number`, `client_city`, `account_id`) VALUES (62, 'Gay', 'Runolfsdottir', 'llewellyn.metz@gmail.com', '0354 Triston Valley', '84564225287', '1-506-796-8936x98503', 'New Haven', 62);
INSERT INTO `clients` (`client_id`, `client_name`, `client_surname`, `client_email`, `client_address`, `client_PESEL`, `client_phone_number`, `client_city`, `account_id`) VALUES (63, 'Caitlyn', 'Towne', 'isabella49@gmail.com', '79090 Wade Common', '69605476797', '919.981.4599x31696', 'East Delores', 63);
INSERT INTO `clients` (`client_id`, `client_name`, `client_surname`, `client_email`, `client_address`, `client_PESEL`, `client_phone_number`, `client_city`, `account_id`) VALUES (64, 'Reinhold', 'Boehm', 'dkuhic@gmail.com', '41900 Jacobson Roads', '68736804098', '636-784-2237x20422', 'Gorczanyfort', 64);
INSERT INTO `clients` (`client_id`, `client_name`, `client_surname`, `client_email`, `client_address`, `client_PESEL`, `client_phone_number`, `client_city`, `account_id`) VALUES (65, 'Kyleigh', 'Kihn', 'dewitt81@gmail.com', '34317 Zena Ridges', '40616650432', '(111)497-0818x826', 'North Edgardo', 65);
INSERT INTO `clients` (`client_id`, `client_name`, `client_surname`, `client_email`, `client_address`, `client_PESEL`, `client_phone_number`, `client_city`, `account_id`) VALUES (66, 'Gordon', 'Bogan', 'fwilderman@gmail.com', '647 Aracely Pine Apt. 650', '56597474187', '1-219-095-5095x311', 'East Vivianneville', 66);
INSERT INTO `clients` (`client_id`, `client_name`, `client_surname`, `client_email`, `client_address`, `client_PESEL`, `client_phone_number`, `client_city`, `account_id`) VALUES (67, 'Linnea', 'Barrows', 'demarco92@yahoo.com', '72312 Watsica Club', '40255137890', '620-540-0662x3521', 'Darwinmouth', 67);
INSERT INTO `clients` (`client_id`, `client_name`, `client_surname`, `client_email`, `client_address`, `client_PESEL`, `client_phone_number`, `client_city`, `account_id`) VALUES (68, 'Derek', 'Grady', 'esmeralda.lebsack@gmail.com', '5386 Larson Hills', '94133145571', '1-735-603-0143x12568', 'Juvenalport', 68);
INSERT INTO `clients` (`client_id`, `client_name`, `client_surname`, `client_email`, `client_address`, `client_PESEL`, `client_phone_number`, `client_city`, `account_id`) VALUES (69, 'Hunter', 'Mosciski', 'feeney.johnathon@gmail.com', '22396 Katelyn Divide', '35025223731', '(244)871-9920x8835', 'Bradtkehaven', 69);
INSERT INTO `clients` (`client_id`, `client_name`, `client_surname`, `client_email`, `client_address`, `client_PESEL`, `client_phone_number`, `client_city`, `account_id`) VALUES (70, 'Dejuan', 'Corkery', 'aliza.gleichner@gmail.com', '3589 Salvador Loop', '87013589621', '+83(7)1267387853', 'Lake Deborahfort', 70);
INSERT INTO `clients` (`client_id`, `client_name`, `client_surname`, `client_email`, `client_address`, `client_PESEL`, `client_phone_number`, `client_city`, `account_id`) VALUES (71, 'Jovany', 'Feil', 'audrey64@gmail.com', '41669 Clara Plains Apt. 980', '44540511489', '+59(7)4502622982', 'New Camryn', 71);
INSERT INTO `clients` (`client_id`, `client_name`, `client_surname`, `client_email`, `client_address`, `client_PESEL`, `client_phone_number`, `client_city`, `account_id`) VALUES (72, 'Angeline', 'Gaylord', 'tmurray@hotmail.com', '87571 Kerluke Station Suite 787', '75989187092', '718.740.9622x019', 'New Ernie', 72);
INSERT INTO `clients` (`client_id`, `client_name`, `client_surname`, `client_email`, `client_address`, `client_PESEL`, `client_phone_number`, `client_city`, `account_id`) VALUES (73, 'Kaleb', 'Sipes', 'collier.lavonne@hotmail.com', '23088 Weissnat Mountain', '73838546187', '337-985-8885x3114', 'West Janessahaven', 73);
INSERT INTO `clients` (`client_id`, `client_name`, `client_surname`, `client_email`, `client_address`, `client_PESEL`, `client_phone_number`, `client_city`, `account_id`) VALUES (74, 'Marques', 'Jaskolski', 'ckling@hotmail.com', '7668 Schmitt Cliffs', '78810307354', '009.072.0763', 'Ernsershire', 74);
INSERT INTO `clients` (`client_id`, `client_name`, `client_surname`, `client_email`, `client_address`, `client_PESEL`, `client_phone_number`, `client_city`, `account_id`) VALUES (75, 'Kurtis', 'D\'Amore', 'kody.muller@yahoo.com', '43458 Johnson Shore Suite 172', '51177086174', '540.055.4967', 'Ardenmouth', 75);
INSERT INTO `clients` (`client_id`, `client_name`, `client_surname`, `client_email`, `client_address`, `client_PESEL`, `client_phone_number`, `client_city`, `account_id`) VALUES (76, 'Kattie', 'Konopelski', 'fae.bednar@gmail.com', '7920 Sterling Highway', '65800688654', '1-776-646-0969x4180', 'Buckland', 76);
INSERT INTO `clients` (`client_id`, `client_name`, `client_surname`, `client_email`, `client_address`, `client_PESEL`, `client_phone_number`, `client_city`, `account_id`) VALUES (77, 'Elta', 'Brown', 'schoen.petra@yahoo.com', '784 Reyes Valley', '44112166166', '(506)714-2666', 'New Alexane', 77);
INSERT INTO `clients` (`client_id`, `client_name`, `client_surname`, `client_email`, `client_address`, `client_PESEL`, `client_phone_number`, `client_city`, `account_id`) VALUES (78, 'Rita', 'Hane', 'aweimann@gmail.com', '09283 Leonardo Island Apt. 727', '83743650049', '09519824752', 'New Kristofferfurt', 78);
INSERT INTO `clients` (`client_id`, `client_name`, `client_surname`, `client_email`, `client_address`, `client_PESEL`, `client_phone_number`, `client_city`, `account_id`) VALUES (79, 'Felipa', 'King', 'toni.hodkiewicz@gmail.com', '34046 Sonia Wall', '89307862163', '1-334-250-0827', 'Lake Coreneville', 79);
INSERT INTO `clients` (`client_id`, `client_name`, `client_surname`, `client_email`, `client_address`, `client_PESEL`, `client_phone_number`, `client_city`, `account_id`) VALUES (80, 'Jovany', 'Purdy', 'aubree.hilll@hotmail.com', '760 Sonia Isle Suite 813', '94295158625', '057.622.6481x1012', 'Danielahaven', 80);
INSERT INTO `clients` (`client_id`, `client_name`, `client_surname`, `client_email`, `client_address`, `client_PESEL`, `client_phone_number`, `client_city`, `account_id`) VALUES (81, 'Dawn', 'Jacobson', 'pkeeling@hotmail.com', '58356 Ashton Spurs Apt. 230', '39580590754', '(989)231-3575', 'Maverickberg', 81);
INSERT INTO `clients` (`client_id`, `client_name`, `client_surname`, `client_email`, `client_address`, `client_PESEL`, `client_phone_number`, `client_city`, `account_id`) VALUES (82, 'Pearline', 'DuBuque', 'hammes.cleora@yahoo.com', '094 Hauck View Apt. 062', '67628408968', '701-205-8665x274', 'Lake Serenity', 82);
INSERT INTO `clients` (`client_id`, `client_name`, `client_surname`, `client_email`, `client_address`, `client_PESEL`, `client_phone_number`, `client_city`, `account_id`) VALUES (83, 'Spencer', 'Bernier', 'solon12@hotmail.com', '6715 Bonnie Lodge Suite 112', '87044227273', '969-145-2407', 'Clarkborough', 83);
INSERT INTO `clients` (`client_id`, `client_name`, `client_surname`, `client_email`, `client_address`, `client_PESEL`, `client_phone_number`, `client_city`, `account_id`) VALUES (84, 'Antonette', 'Wiza', 'tlangosh@yahoo.com', '73576 O\'Kon Mountain Apt. 944', '47823473036', '752.643.9261x18282', 'Lillymouth', 84);
INSERT INTO `clients` (`client_id`, `client_name`, `client_surname`, `client_email`, `client_address`, `client_PESEL`, `client_phone_number`, `client_city`, `account_id`) VALUES (85, 'Leonor', 'Kozey', 'dortha.cormier@hotmail.com', '82520 Santino Heights', '66687221348', '(637)328-1633', 'West Jimmiefort', 85);
INSERT INTO `clients` (`client_id`, `client_name`, `client_surname`, `client_email`, `client_address`, `client_PESEL`, `client_phone_number`, `client_city`, `account_id`) VALUES (86, 'Claude', 'Koepp', 'boehm.braeden@gmail.com', '1500 Edmond Rue', '48351170897', '+07(9)3375705526', 'East Edgar', 86);
INSERT INTO `clients` (`client_id`, `client_name`, `client_surname`, `client_email`, `client_address`, `client_PESEL`, `client_phone_number`, `client_city`, `account_id`) VALUES (87, 'Benton', 'Ebert', 'earnest.waters@hotmail.com', '888 Anita Spring', '93866547883', '+19(5)5801100550', 'Westburgh', 87);
INSERT INTO `clients` (`client_id`, `client_name`, `client_surname`, `client_email`, `client_address`, `client_PESEL`, `client_phone_number`, `client_city`, `account_id`) VALUES (88, 'Annalise', 'King', 'steve11@gmail.com', '02233 Lois Drive', '69786692053', '1-684-771-9363', 'Krajcikfurt', 88);
INSERT INTO `clients` (`client_id`, `client_name`, `client_surname`, `client_email`, `client_address`, `client_PESEL`, `client_phone_number`, `client_city`, `account_id`) VALUES (89, 'Dulce', 'Bradtke', 'bernhard.florine@yahoo.com', '689 Walter River', '92173988939', '394-824-2762', 'Beiermouth', 89);
INSERT INTO `clients` (`client_id`, `client_name`, `client_surname`, `client_email`, `client_address`, `client_PESEL`, `client_phone_number`, `client_city`, `account_id`) VALUES (90, 'Luther', 'Dach', 'dameon12@hotmail.com', '350 Jerrod Pines', '46207166165', '603.506.4952', 'Jackfurt', 90);
INSERT INTO `clients` (`client_id`, `client_name`, `client_surname`, `client_email`, `client_address`, `client_PESEL`, `client_phone_number`, `client_city`, `account_id`) VALUES (91, 'Keith', 'Rempel', 'albertha.sipes@hotmail.com', '9064 Wolf Tunnel', '54026986718', '243-824-8174x5349', 'Medhurstborough', 91);
INSERT INTO `clients` (`client_id`, `client_name`, `client_surname`, `client_email`, `client_address`, `client_PESEL`, `client_phone_number`, `client_city`, `account_id`) VALUES (92, 'Melissa', 'Wilkinson', 'bjerde@hotmail.com', '9786 Greenholt Orchard Suite 925', '72935791969', '017.904.9854x310', 'Hermistonbury', 92);
INSERT INTO `clients` (`client_id`, `client_name`, `client_surname`, `client_email`, `client_address`, `client_PESEL`, `client_phone_number`, `client_city`, `account_id`) VALUES (93, 'Bertha', 'Brekke', 'marlee94@hotmail.com', '3159 Nienow River', '56564451426', '507-626-3920x429', 'Brycenside', 93);
INSERT INTO `clients` (`client_id`, `client_name`, `client_surname`, `client_email`, `client_address`, `client_PESEL`, `client_phone_number`, `client_city`, `account_id`) VALUES (94, 'Meredith', 'Schimmel', 'langosh.jerad@hotmail.com', '1299 Bergstrom Mission Apt. 648', '46712321520', '+31(7)0352695442', 'Nonafort', 94);
INSERT INTO `clients` (`client_id`, `client_name`, `client_surname`, `client_email`, `client_address`, `client_PESEL`, `client_phone_number`, `client_city`, `account_id`) VALUES (95, 'Ramiro', 'Krajcik', 'orie.marvin@gmail.com', '0895 Kling Track Apt. 010', '72331965685', '1-649-184-9269x655', 'Lake Kellen', 95);
INSERT INTO `clients` (`client_id`, `client_name`, `client_surname`, `client_email`, `client_address`, `client_PESEL`, `client_phone_number`, `client_city`, `account_id`) VALUES (96, 'Berta', 'Schaden', 'harvey.savanah@gmail.com', '3893 Hermann Tunnel Apt. 912', '65539418340', '(859)299-8820x2321', 'East Myrtleville', 96);
INSERT INTO `clients` (`client_id`, `client_name`, `client_surname`, `client_email`, `client_address`, `client_PESEL`, `client_phone_number`, `client_city`, `account_id`) VALUES (97, 'Laury', 'Rosenbaum', 'harris.aurore@gmail.com', '7296 Isabell Pike', '85276606113', '532-770-8661', 'South Raoul', 97);
INSERT INTO `clients` (`client_id`, `client_name`, `client_surname`, `client_email`, `client_address`, `client_PESEL`, `client_phone_number`, `client_city`, `account_id`) VALUES (98, 'Zelma', 'Blanda', 'judge63@gmail.com', '817 Larkin Club Apt. 145', '78660882056', '427.405.6057x972', 'Hermannfort', 98);
INSERT INTO `clients` (`client_id`, `client_name`, `client_surname`, `client_email`, `client_address`, `client_PESEL`, `client_phone_number`, `client_city`, `account_id`) VALUES (99, 'Justice', 'Greenfelder', 'schiller.scottie@gmail.com', '2013 Schimmel Gateway Suite 337', '96166270733', '896.521.6579x132', 'North Aaronland', 99);
INSERT INTO `clients` (`client_id`, `client_name`, `client_surname`, `client_email`, `client_address`, `client_PESEL`, `client_phone_number`, `client_city`, `account_id`) VALUES (100, 'Duncan', 'Conroy', 'lois.mante@hotmail.com', '30167 Bart Cliffs', '50479438275', '602.222.3284', 'Murazikborough', 100);


#
# TABLE STRUCTURE FOR: drivers
#

#DROP TABLE IF EXISTS `drivers`;



INSERT INTO `drivers` (`driver_id`, `driver_name`, `driver_surname`, `driver_email`, `driver_PESEL`, `driver_phone_number`, `account_id`) VALUES (1, 'Kayley', 'Johnston', 'bailey.stacey@hotmail.com', '33488157825', '08305064315', 101);
INSERT INTO `drivers` (`driver_id`, `driver_name`, `driver_surname`, `driver_email`, `driver_PESEL`, `driver_phone_number`, `account_id`) VALUES (2, 'Cordell', 'Welch', 'nader.kayleigh@yahoo.com', '5943100274.', '(268)742-8629x0624', 102);
INSERT INTO `drivers` (`driver_id`, `driver_name`, `driver_surname`, `driver_email`, `driver_PESEL`, `driver_phone_number`, `account_id`) VALUES (3, 'Antonio', 'Marvin', 'erling78@hotmail.com', '39480149768', '+04(3)9156591309', 103);
INSERT INTO `drivers` (`driver_id`, `driver_name`, `driver_surname`, `driver_email`, `driver_PESEL`, `driver_phone_number`, `account_id`) VALUES (4, 'Ruben', 'Purdy', 'gboyer@hotmail.com', '14212857239', '1-309-091-9658x97895', 104);
INSERT INTO `drivers` (`driver_id`, `driver_name`, `driver_surname`, `driver_email`, `driver_PESEL`, `driver_phone_number`, `account_id`) VALUES (5, 'Rocio', 'Gleichner', 'moore.pearlie@yahoo.com', '12545824994', '538-544-4671x6481', 105);
INSERT INTO `drivers` (`driver_id`, `driver_name`, `driver_surname`, `driver_email`, `driver_PESEL`, `driver_phone_number`, `account_id`) VALUES (6, 'Gennaro', 'Fahey', 'lelia.bruen@yahoo.com', '37767713599', '(589)931-0866x63374', 106);
INSERT INTO `drivers` (`driver_id`, `driver_name`, `driver_surname`, `driver_email`, `driver_PESEL`, `driver_phone_number`, `account_id`) VALUES (7, 'Alberto', 'Pfannerstill', 'ckilback@yahoo.com', '60113705651', '450-620-7005', 107);
INSERT INTO `drivers` (`driver_id`, `driver_name`, `driver_surname`, `driver_email`, `driver_PESEL`, `driver_phone_number`, `account_id`) VALUES (8, 'Ahmad', 'Fahey', 'zita.terry@yahoo.com', '64562714755', '1-384-071-9778x4473', 108);
INSERT INTO `drivers` (`driver_id`, `driver_name`, `driver_surname`, `driver_email`, `driver_PESEL`, `driver_phone_number`, `account_id`) VALUES (9, 'Bradley', 'Gottlieb', 'georgiana88@yahoo.com', '15052211803', '935.163.7319x3662', 109);
INSERT INTO `drivers` (`driver_id`, `driver_name`, `driver_surname`, `driver_email`, `driver_PESEL`, `driver_phone_number`, `account_id`) VALUES (10, 'Rafael', 'Donnelly', 'vbogan@gmail.com', '96701367018', '06108566049', 110);
INSERT INTO `drivers` (`driver_id`, `driver_name`, `driver_surname`, `driver_email`, `driver_PESEL`, `driver_phone_number`, `account_id`) VALUES (11, 'Durward', 'Block', 'herzog.judson@gmail.com', '10482591001', '(365)497-5663x281', 111);
INSERT INTO `drivers` (`driver_id`, `driver_name`, `driver_surname`, `driver_email`, `driver_PESEL`, `driver_phone_number`, `account_id`) VALUES (12, 'Maximillian', 'Conn', 'ko\'reilly@gmail.com', '22456430141', '(589)952-9758x548', 112);
INSERT INTO `drivers` (`driver_id`, `driver_name`, `driver_surname`, `driver_email`, `driver_PESEL`, `driver_phone_number`, `account_id`) VALUES (13, 'Norwood', 'Ruecker', 'alexandria.gutkowski@gmail.com', '92130182844', '1-883-216-5493x46562', 113);
INSERT INTO `drivers` (`driver_id`, `driver_name`, `driver_surname`, `driver_email`, `driver_PESEL`, `driver_phone_number`, `account_id`) VALUES (14, 'Jose', 'Dietrich', 'michele.heathcote@gmail.com', '10795143744', '591.404.2671x15350', 114);
INSERT INTO `drivers` (`driver_id`, `driver_name`, `driver_surname`, `driver_email`, `driver_PESEL`, `driver_phone_number`, `account_id`) VALUES (15, 'Xzavier', 'Jaskolski', 'kristopher.hamill@gmail.com', '19013946251', '060-192-5959x63055', 115);
INSERT INTO `drivers` (`driver_id`, `driver_name`, `driver_surname`, `driver_email`, `driver_PESEL`, `driver_phone_number`, `account_id`) VALUES (16, 'Kristopher', 'Leffler', 'crau@hotmail.com', '68081512418', '1-251-374-4588x50827', 116);
INSERT INTO `drivers` (`driver_id`, `driver_name`, `driver_surname`, `driver_email`, `driver_PESEL`, `driver_phone_number`, `account_id`) VALUES (17, 'Ignacio', 'Wolf', 'brooks.blick@gmail.com', '40793801932', '1-809-213-4124', 117);
INSERT INTO `drivers` (`driver_id`, `driver_name`, `driver_surname`, `driver_email`, `driver_PESEL`, `driver_phone_number`, `account_id`) VALUES (18, 'Herbert', 'Olson', 'thermiston@yahoo.com', '88817205857', '1-443-733-1810x5297', 118);
INSERT INTO `drivers` (`driver_id`, `driver_name`, `driver_surname`, `driver_email`, `driver_PESEL`, `driver_phone_number`, `account_id`) VALUES (19, 'Harvey', 'Russel', 'kautzer.queenie@yahoo.com', '40429465050', '04807383514', 119);
INSERT INTO `drivers` (`driver_id`, `driver_name`, `driver_surname`, `driver_email`, `driver_PESEL`, `driver_phone_number`, `account_id`) VALUES (20, 'Helen', 'Rosicky', 'ewald.hickle@hotmail.com', '40429465055', '1-553-233-1912x44431', 120);


#
# TABLE STRUCTURE FOR: recipients
#

#DROP TABLE IF EXISTS `recipients`;


INSERT INTO `recipients` (`recipient_id`, `recipient_name`, `recipient_surname`, `recipient_address`, `recipient_phone_number`, `recipient_city`) VALUES (1, 'Isaiah', 'Hackett', '5115 Ebert Stream Suite 888', '492.696.6112', 'Warszawa');
INSERT INTO `recipients` (`recipient_id`, `recipient_name`, `recipient_surname`, `recipient_address`, `recipient_phone_number`, `recipient_city`) VALUES (2, 'Octavia', 'Wunsch', '87679 Evelyn Stravenue Suite 694', '1-437-052-0757', 'Rzeszw');
INSERT INTO `recipients` (`recipient_id`, `recipient_name`, `recipient_surname`, `recipient_address`, `recipient_phone_number`, `recipient_city`) VALUES (3, 'Braxton', 'Muller', '48483 Baby Plaza', '1-463-993-1849x027', ' Bydgoszcz');
INSERT INTO `recipients` (`recipient_id`, `recipient_name`, `recipient_surname`, `recipient_address`, `recipient_phone_number`, `recipient_city`) VALUES (4, 'Taryn', 'Krajcik', '96992 Lemke Lake Suite 901', '1-356-354-4558x88811', 'Rzeszw');
INSERT INTO `recipients` (`recipient_id`, `recipient_name`, `recipient_surname`, `recipient_address`, `recipient_phone_number`, `recipient_city`) VALUES (5, 'Mylene', 'Streich', '888 Lockman Track', '229-950-1045x499', 'Kielce');
INSERT INTO `recipients` (`recipient_id`, `recipient_name`, `recipient_surname`, `recipient_address`, `recipient_phone_number`, `recipient_city`) VALUES (6, 'Ramona', 'Crona', '80663 Sanford Extension', '(762)984-7633', 'd');
INSERT INTO `recipients` (`recipient_id`, `recipient_name`, `recipient_surname`, `recipient_address`, `recipient_phone_number`, `recipient_city`) VALUES (7, 'Ollie', 'Franecki', '8036 Hagenes Grove', '040.821.2971x06033', 'Szczecin');
INSERT INTO `recipients` (`recipient_id`, `recipient_name`, `recipient_surname`, `recipient_address`, `recipient_phone_number`, `recipient_city`) VALUES (8, 'Gonzalo', 'Reichel', '1765 Osinski Rest', '1-358-907-2413x091', 'Katowice');
INSERT INTO `recipients` (`recipient_id`, `recipient_name`, `recipient_surname`, `recipient_address`, `recipient_phone_number`, `recipient_city`) VALUES (9, 'Marisol', 'Rau', '706 McKenzie Pines Apt. 062', '+38(6)2926165396', 'Rzeszw');
INSERT INTO `recipients` (`recipient_id`, `recipient_name`, `recipient_surname`, `recipient_address`, `recipient_phone_number`, `recipient_city`) VALUES (10, 'Alda', 'Gorczany', '646 Runolfsson Square Apt. 298', '03696627083', 'Lublin');
INSERT INTO `recipients` (`recipient_id`, `recipient_name`, `recipient_surname`, `recipient_address`, `recipient_phone_number`, `recipient_city`) VALUES (11, 'Dolores', 'Will', '4319 Abner Viaduct Suite 559', '(225)111-8994', 'Krakw');
INSERT INTO `recipients` (`recipient_id`, `recipient_name`, `recipient_surname`, `recipient_address`, `recipient_phone_number`, `recipient_city`) VALUES (12, 'Schuyler', 'Leuschke', '75606 Franecki Run Apt. 614', '(759)804-6663', 'Krakw');
INSERT INTO `recipients` (`recipient_id`, `recipient_name`, `recipient_surname`, `recipient_address`, `recipient_phone_number`, `recipient_city`) VALUES (13, 'Wade', 'Reynolds', '667 Weldon Freeway Apt. 085', '+63(9)1997504219', 'Gdask');
INSERT INTO `recipients` (`recipient_id`, `recipient_name`, `recipient_surname`, `recipient_address`, `recipient_phone_number`, `recipient_city`) VALUES (14, 'Dylan', 'Bogisich', '957 Langworth Port', '+80(6)6859373528', 'Lublin');
INSERT INTO `recipients` (`recipient_id`, `recipient_name`, `recipient_surname`, `recipient_address`, `recipient_phone_number`, `recipient_city`) VALUES (15, 'Cara', 'Kuphal', '630 Kelsie Roads Suite 140', '1-579-637-8232', ' Bydgoszcz');
INSERT INTO `recipients` (`recipient_id`, `recipient_name`, `recipient_surname`, `recipient_address`, `recipient_phone_number`, `recipient_city`) VALUES (16, 'Walter', 'Bayer', '79863 Schultz Viaduct Apt. 095', '(725)670-3786', 'Opole');
INSERT INTO `recipients` (`recipient_id`, `recipient_name`, `recipient_surname`, `recipient_address`, `recipient_phone_number`, `recipient_city`) VALUES (17, 'Mossie', 'Hermiston', '75517 Martine Throughway', '090-785-9277x023', 'Warszawa');
INSERT INTO `recipients` (`recipient_id`, `recipient_name`, `recipient_surname`, `recipient_address`, `recipient_phone_number`, `recipient_city`) VALUES (18, 'Johan', 'Dietrich', '7264 Preston Corners', '1-392-628-5028', 'Wrocaw');
INSERT INTO `recipients` (`recipient_id`, `recipient_name`, `recipient_surname`, `recipient_address`, `recipient_phone_number`, `recipient_city`) VALUES (19, 'Jonathon', 'Pagac', '086 Russel Centers', '01575494645', 'Szczecin');
INSERT INTO `recipients` (`recipient_id`, `recipient_name`, `recipient_surname`, `recipient_address`, `recipient_phone_number`, `recipient_city`) VALUES (20, 'Emmitt', 'Powlowski', '519 Kautzer Crest', '191-932-6082x90174', 'Warszawa');
INSERT INTO `recipients` (`recipient_id`, `recipient_name`, `recipient_surname`, `recipient_address`, `recipient_phone_number`, `recipient_city`) VALUES (21, 'Conrad', 'Zemlak', '4050 Rosenbaum Ford Apt. 868', '09629739265', 'Rzeszw');
INSERT INTO `recipients` (`recipient_id`, `recipient_name`, `recipient_surname`, `recipient_address`, `recipient_phone_number`, `recipient_city`) VALUES (22, 'Orrin', 'DuBuque', '39666 Diego Mountains Suite 755', '(328)374-5964x362', 'Biaystok');
INSERT INTO `recipients` (`recipient_id`, `recipient_name`, `recipient_surname`, `recipient_address`, `recipient_phone_number`, `recipient_city`) VALUES (23, 'Bridgette', 'McLaughlin', '59234 Alexie Lane', '494.588.5586x37465', 'Gdask');
INSERT INTO `recipients` (`recipient_id`, `recipient_name`, `recipient_surname`, `recipient_address`, `recipient_phone_number`, `recipient_city`) VALUES (24, 'Martine', 'Swift', '37002 Rempel Ramp Suite 931', '1-656-789-1782x50997', ' Bydgoszcz');
INSERT INTO `recipients` (`recipient_id`, `recipient_name`, `recipient_surname`, `recipient_address`, `recipient_phone_number`, `recipient_city`) VALUES (25, 'Brandyn', 'O\'Connell', '51733 Cathrine Brook', '(831)084-2704', 'Warszawa');
INSERT INTO `recipients` (`recipient_id`, `recipient_name`, `recipient_surname`, `recipient_address`, `recipient_phone_number`, `recipient_city`) VALUES (26, 'Alaina', 'Ullrich', '16753 Casper Union Apt. 788', '1-153-767-9887', ' Bydgoszcz');
INSERT INTO `recipients` (`recipient_id`, `recipient_name`, `recipient_surname`, `recipient_address`, `recipient_phone_number`, `recipient_city`) VALUES (27, 'Brooks', 'Mueller', '14484 Jaylin Road', '00067121104', 'Katowice');
INSERT INTO `recipients` (`recipient_id`, `recipient_name`, `recipient_surname`, `recipient_address`, `recipient_phone_number`, `recipient_city`) VALUES (28, 'Ilene', 'Dooley', '4616 Dorothea Summit Apt. 670', '06828752646', 'd');
INSERT INTO `recipients` (`recipient_id`, `recipient_name`, `recipient_surname`, `recipient_address`, `recipient_phone_number`, `recipient_city`) VALUES (29, 'Gabe', 'Heathcote', '79510 Bayer Alley', '587-194-0110x677', 'Biaystok');
INSERT INTO `recipients` (`recipient_id`, `recipient_name`, `recipient_surname`, `recipient_address`, `recipient_phone_number`, `recipient_city`) VALUES (30, 'Martin', 'Osinski', '126 Kiara Pines Suite 426', '(851)557-3331x27481', 'Warszawa');
INSERT INTO `recipients` (`recipient_id`, `recipient_name`, `recipient_surname`, `recipient_address`, `recipient_phone_number`, `recipient_city`) VALUES (31, 'Lesley', 'Ratke', '4439 Esther Mews', '078-714-7038', 'Rzeszw');
INSERT INTO `recipients` (`recipient_id`, `recipient_name`, `recipient_surname`, `recipient_address`, `recipient_phone_number`, `recipient_city`) VALUES (32, 'Liam', 'Larkin', '99027 Welch Orchard', '240.696.2402', 'Kielce');
INSERT INTO `recipients` (`recipient_id`, `recipient_name`, `recipient_surname`, `recipient_address`, `recipient_phone_number`, `recipient_city`) VALUES (33, 'Urban', 'Stokes', '442 Marilou Cliff', '1-719-890-8077x56446', 'Kielce');
INSERT INTO `recipients` (`recipient_id`, `recipient_name`, `recipient_surname`, `recipient_address`, `recipient_phone_number`, `recipient_city`) VALUES (34, 'Zelda', 'Denesik', '811 Wisoky Mills', '1-374-215-6302x3437', 'Pozna');
INSERT INTO `recipients` (`recipient_id`, `recipient_name`, `recipient_surname`, `recipient_address`, `recipient_phone_number`, `recipient_city`) VALUES (35, 'Frederic', 'Jacobs', '970 Carmen Flats Suite 957', '777.575.8256x9785', 'Zielona Gra');
INSERT INTO `recipients` (`recipient_id`, `recipient_name`, `recipient_surname`, `recipient_address`, `recipient_phone_number`, `recipient_city`) VALUES (36, 'Fabian', 'Shanahan', '2671 Tremaine Haven', '981.306.2867', 'Wrocaw');
INSERT INTO `recipients` (`recipient_id`, `recipient_name`, `recipient_surname`, `recipient_address`, `recipient_phone_number`, `recipient_city`) VALUES (37, 'Annie', 'Gleichner', '421 Sauer Fords Apt. 878', '+81(4)5093313128', 'Katowice');
INSERT INTO `recipients` (`recipient_id`, `recipient_name`, `recipient_surname`, `recipient_address`, `recipient_phone_number`, `recipient_city`) VALUES (38, 'Lauryn', 'Cartwright', '3378 Melvina Rapid Suite 334', '074.314.2241x4641', 'Rzeszw');
INSERT INTO `recipients` (`recipient_id`, `recipient_name`, `recipient_surname`, `recipient_address`, `recipient_phone_number`, `recipient_city`) VALUES (39, 'Kailyn', 'Reichel', '7770 Glen Glens Apt. 901', '593-160-5172x40175', 'Warszawa');
INSERT INTO `recipients` (`recipient_id`, `recipient_name`, `recipient_surname`, `recipient_address`, `recipient_phone_number`, `recipient_city`) VALUES (40, 'Destin', 'Mann', '030 Barrows Wells', '054.259.0729x33237', 'Biaystok');
INSERT INTO `recipients` (`recipient_id`, `recipient_name`, `recipient_surname`, `recipient_address`, `recipient_phone_number`, `recipient_city`) VALUES (41, 'Yessenia', 'Parker', '222 Stokes Row Apt. 700', '(861)008-5821x7304', 'Szczecin');
INSERT INTO `recipients` (`recipient_id`, `recipient_name`, `recipient_surname`, `recipient_address`, `recipient_phone_number`, `recipient_city`) VALUES (42, 'Tressa', 'Balistreri', '98989 Wunsch Circles Apt. 664', '1-473-328-4288', 'Krakw');
INSERT INTO `recipients` (`recipient_id`, `recipient_name`, `recipient_surname`, `recipient_address`, `recipient_phone_number`, `recipient_city`) VALUES (43, 'Erling', 'Mayert', '6044 Leannon Mill Suite 051', '432-795-7595x1336', 'Pozna');
INSERT INTO `recipients` (`recipient_id`, `recipient_name`, `recipient_surname`, `recipient_address`, `recipient_phone_number`, `recipient_city`) VALUES (44, 'Ahmad', 'Powlowski', '096 Madonna Streets Suite 199', '01027129175', 'Opole');
INSERT INTO `recipients` (`recipient_id`, `recipient_name`, `recipient_surname`, `recipient_address`, `recipient_phone_number`, `recipient_city`) VALUES (45, 'Dejuan', 'Kassulke', '7160 Olson Course', '390.739.0355', 'Szczecin');
INSERT INTO `recipients` (`recipient_id`, `recipient_name`, `recipient_surname`, `recipient_address`, `recipient_phone_number`, `recipient_city`) VALUES (46, 'Olaf', 'Murazik', '61985 Carleton Centers Suite 166', '(779)522-6076', 'Katowice');
INSERT INTO `recipients` (`recipient_id`, `recipient_name`, `recipient_surname`, `recipient_address`, `recipient_phone_number`, `recipient_city`) VALUES (47, 'Sarai', 'Osinski', '0866 Schumm Village Apt. 111', '546.475.8210x11392', 'Warszawa');
INSERT INTO `recipients` (`recipient_id`, `recipient_name`, `recipient_surname`, `recipient_address`, `recipient_phone_number`, `recipient_city`) VALUES (48, 'Niko', 'Schuppe', '59781 Labadie Village Suite 765', '323-608-1680x6520', 'Krakw');
INSERT INTO `recipients` (`recipient_id`, `recipient_name`, `recipient_surname`, `recipient_address`, `recipient_phone_number`, `recipient_city`) VALUES (49, 'Esteban', 'Roberts', '7461 Kunze Valleys', '(933)924-8350x4837', 'Olsztyn');
INSERT INTO `recipients` (`recipient_id`, `recipient_name`, `recipient_surname`, `recipient_address`, `recipient_phone_number`, `recipient_city`) VALUES (50, 'Donna', 'Robel', '49693 Gislason Orchard', '+55(6)5368592690', 'Warszawa');
INSERT INTO `recipients` (`recipient_id`, `recipient_name`, `recipient_surname`, `recipient_address`, `recipient_phone_number`, `recipient_city`) VALUES (51, 'Yasmin', 'Turner', '0366 Halvorson Harbors', '(363)571-3357', 'Pozna');
INSERT INTO `recipients` (`recipient_id`, `recipient_name`, `recipient_surname`, `recipient_address`, `recipient_phone_number`, `recipient_city`) VALUES (52, 'Maia', 'McCullough', '975 Colleen Island', '+16(3)2984055861', 'Kielce');
INSERT INTO `recipients` (`recipient_id`, `recipient_name`, `recipient_surname`, `recipient_address`, `recipient_phone_number`, `recipient_city`) VALUES (53, 'Shawna', 'Balistreri', '59255 Lesch Run Apt. 505', '(184)614-0582', 'Opole');
INSERT INTO `recipients` (`recipient_id`, `recipient_name`, `recipient_surname`, `recipient_address`, `recipient_phone_number`, `recipient_city`) VALUES (54, 'Oral', 'Conroy', '17758 Boyer Estate', '(432)587-1187', 'Szczecin');
INSERT INTO `recipients` (`recipient_id`, `recipient_name`, `recipient_surname`, `recipient_address`, `recipient_phone_number`, `recipient_city`) VALUES (55, 'Loraine', 'Gusikowski', '543 Ivy Field', '1-099-132-2493', 'Olsztyn');
INSERT INTO `recipients` (`recipient_id`, `recipient_name`, `recipient_surname`, `recipient_address`, `recipient_phone_number`, `recipient_city`) VALUES (56, 'Juston', 'Lockman', '74886 Mable Plain', '1-111-302-7457', 'Katowice');
INSERT INTO `recipients` (`recipient_id`, `recipient_name`, `recipient_surname`, `recipient_address`, `recipient_phone_number`, `recipient_city`) VALUES (57, 'Letha', 'Conroy', '0288 Leta Shoal Apt. 476', '715.120.9532x68451', 'Pozna');
INSERT INTO `recipients` (`recipient_id`, `recipient_name`, `recipient_surname`, `recipient_address`, `recipient_phone_number`, `recipient_city`) VALUES (58, 'Wade', 'Lowe', '61249 Runte Turnpike Suite 757', '+77(1)9643170136', 'Warszawa');
INSERT INTO `recipients` (`recipient_id`, `recipient_name`, `recipient_surname`, `recipient_address`, `recipient_phone_number`, `recipient_city`) VALUES (59, 'Sigurd', 'Walsh', '214 Emery Skyway Apt. 008', '1-762-927-6787', 'Wrocaw');
INSERT INTO `recipients` (`recipient_id`, `recipient_name`, `recipient_surname`, `recipient_address`, `recipient_phone_number`, `recipient_city`) VALUES (60, 'Angel', 'Runolfsdottir', '58176 Alanis Viaduct', '1-627-085-4167x9645', 'Zielona Gra');
INSERT INTO `recipients` (`recipient_id`, `recipient_name`, `recipient_surname`, `recipient_address`, `recipient_phone_number`, `recipient_city`) VALUES (61, 'Jedidiah', 'Swaniawski', '982 America Villages', '183.802.1040', 'd');
INSERT INTO `recipients` (`recipient_id`, `recipient_name`, `recipient_surname`, `recipient_address`, `recipient_phone_number`, `recipient_city`) VALUES (62, 'Bert', 'Harber', '12938 Schiller Turnpike', '07356729685', 'Katowice');
INSERT INTO `recipients` (`recipient_id`, `recipient_name`, `recipient_surname`, `recipient_address`, `recipient_phone_number`, `recipient_city`) VALUES (63, 'Lilla', 'Kirlin', '322 Brad Meadows Suite 081', '187.081.5814', 'Kielce');
INSERT INTO `recipients` (`recipient_id`, `recipient_name`, `recipient_surname`, `recipient_address`, `recipient_phone_number`, `recipient_city`) VALUES (64, 'Henry', 'Kemmer', '610 Schultz Corners', '(880)813-2685', ' Bydgoszcz');
INSERT INTO `recipients` (`recipient_id`, `recipient_name`, `recipient_surname`, `recipient_address`, `recipient_phone_number`, `recipient_city`) VALUES (65, 'Gabrielle', 'Goyette', '90214 O\'Keefe Forest Suite 262', '692.294.7059x936', 'Olsztyn');
INSERT INTO `recipients` (`recipient_id`, `recipient_name`, `recipient_surname`, `recipient_address`, `recipient_phone_number`, `recipient_city`) VALUES (66, 'Jadyn', 'Dickens', '283 Craig Fords Suite 562', '04483431206', 'Pozna');
INSERT INTO `recipients` (`recipient_id`, `recipient_name`, `recipient_surname`, `recipient_address`, `recipient_phone_number`, `recipient_city`) VALUES (67, 'Lonzo', 'Wiza', '54932 Lauriane Centers', '290.099.0712x724', 'Warszawa');
INSERT INTO `recipients` (`recipient_id`, `recipient_name`, `recipient_surname`, `recipient_address`, `recipient_phone_number`, `recipient_city`) VALUES (68, 'Dereck', 'Bins', '83499 Erdman Landing Apt. 073', '383.225.2009x45191', 'Warszawa');
INSERT INTO `recipients` (`recipient_id`, `recipient_name`, `recipient_surname`, `recipient_address`, `recipient_phone_number`, `recipient_city`) VALUES (69, 'Ollie', 'Koss', '683 Annalise Lodge Apt. 894', '04742057801', 'Pozna');
INSERT INTO `recipients` (`recipient_id`, `recipient_name`, `recipient_surname`, `recipient_address`, `recipient_phone_number`, `recipient_city`) VALUES (70, 'Jadyn', 'Watsica', '49853 Casimer Ways', '877.506.5157x1475', 'd');
INSERT INTO `recipients` (`recipient_id`, `recipient_name`, `recipient_surname`, `recipient_address`, `recipient_phone_number`, `recipient_city`) VALUES (71, 'Elza', 'Bartoletti', '878 Lauryn Camp', '234-174-4772', 'Kielce');
INSERT INTO `recipients` (`recipient_id`, `recipient_name`, `recipient_surname`, `recipient_address`, `recipient_phone_number`, `recipient_city`) VALUES (72, 'Nathanial', 'Swaniawski', '216 Moore Points Apt. 332', '235-407-9856', 'Pozna');
INSERT INTO `recipients` (`recipient_id`, `recipient_name`, `recipient_surname`, `recipient_address`, `recipient_phone_number`, `recipient_city`) VALUES (73, 'Harvey', 'Bernhard', '8621 Leannon Greens', '1-610-233-8085x11513', 'Olsztyn');
INSERT INTO `recipients` (`recipient_id`, `recipient_name`, `recipient_surname`, `recipient_address`, `recipient_phone_number`, `recipient_city`) VALUES (74, 'Alta', 'Nicolas', '64102 Mertz Skyway Apt. 766', '06957650325', 'Krakw');
INSERT INTO `recipients` (`recipient_id`, `recipient_name`, `recipient_surname`, `recipient_address`, `recipient_phone_number`, `recipient_city`) VALUES (75, 'Benton', 'Considine', '14767 Ewald Green Suite 189', '434.005.6406x6554', 'Olsztyn');
INSERT INTO `recipients` (`recipient_id`, `recipient_name`, `recipient_surname`, `recipient_address`, `recipient_phone_number`, `recipient_city`) VALUES (76, 'Madaline', 'Tromp', '0739 Geovany Isle Apt. 535', '(510)718-6728x32543', 'Opole');
INSERT INTO `recipients` (`recipient_id`, `recipient_name`, `recipient_surname`, `recipient_address`, `recipient_phone_number`, `recipient_city`) VALUES (77, 'Leola', 'Olson', '9960 Gerhold Glen Apt. 522', '(728)323-3245x339', 'Rzeszw');
INSERT INTO `recipients` (`recipient_id`, `recipient_name`, `recipient_surname`, `recipient_address`, `recipient_phone_number`, `recipient_city`) VALUES (78, 'Otis', 'Schmeler', '87524 Lakin Ridges', '1-042-466-5877', 'Zielona Gra');
INSERT INTO `recipients` (`recipient_id`, `recipient_name`, `recipient_surname`, `recipient_address`, `recipient_phone_number`, `recipient_city`) VALUES (79, 'Leta', 'Russel', '1661 Bradtke Ports', '(758)998-4394x38771', 'Biaystok');
INSERT INTO `recipients` (`recipient_id`, `recipient_name`, `recipient_surname`, `recipient_address`, `recipient_phone_number`, `recipient_city`) VALUES (80, 'Irwin', 'Morar', '051 Smith Landing', '(981)701-5032', 'Lublin');
INSERT INTO `recipients` (`recipient_id`, `recipient_name`, `recipient_surname`, `recipient_address`, `recipient_phone_number`, `recipient_city`) VALUES (81, 'Gaston', 'Jaskolski', '22826 Hilll Point', '1-983-978-4676x74490', 'Katowice');
INSERT INTO `recipients` (`recipient_id`, `recipient_name`, `recipient_surname`, `recipient_address`, `recipient_phone_number`, `recipient_city`) VALUES (82, 'Drew', 'Dach', '1257 Pearline Pass', '415-464-2876x5291', 'Zielona Gra');
INSERT INTO `recipients` (`recipient_id`, `recipient_name`, `recipient_surname`, `recipient_address`, `recipient_phone_number`, `recipient_city`) VALUES (83, 'Geovanni', 'Kessler', '5867 Hessel Land', '(221)998-8192', 'Opole');
INSERT INTO `recipients` (`recipient_id`, `recipient_name`, `recipient_surname`, `recipient_address`, `recipient_phone_number`, `recipient_city`) VALUES (84, 'Tabitha', 'Green', '1084 Elvera Radial', '951.410.0670x32068', 'Rzeszw');
INSERT INTO `recipients` (`recipient_id`, `recipient_name`, `recipient_surname`, `recipient_address`, `recipient_phone_number`, `recipient_city`) VALUES (85, 'Guy', 'Swift', '4879 Mia Walks', '1-614-892-8942x688', 'Katowice');
INSERT INTO `recipients` (`recipient_id`, `recipient_name`, `recipient_surname`, `recipient_address`, `recipient_phone_number`, `recipient_city`) VALUES (86, 'Genoveva', 'Hegmann', '45681 Becker Mill Apt. 552', '297-183-3838x915', 'Gdask');
INSERT INTO `recipients` (`recipient_id`, `recipient_name`, `recipient_surname`, `recipient_address`, `recipient_phone_number`, `recipient_city`) VALUES (87, 'Graciela', 'Hills', '3585 Labadie Knolls', '382.805.8409x01098', 'Pozna');
INSERT INTO `recipients` (`recipient_id`, `recipient_name`, `recipient_surname`, `recipient_address`, `recipient_phone_number`, `recipient_city`) VALUES (88, 'Riley', 'Reichel', '56886 Farrell Plain Suite 413', '032.398.0070x56446', 'd');
INSERT INTO `recipients` (`recipient_id`, `recipient_name`, `recipient_surname`, `recipient_address`, `recipient_phone_number`, `recipient_city`) VALUES (89, 'Jacquelyn', 'Ferry', '39345 Shields Road', '1-223-838-2378', 'Kielce');
INSERT INTO `recipients` (`recipient_id`, `recipient_name`, `recipient_surname`, `recipient_address`, `recipient_phone_number`, `recipient_city`) VALUES (90, 'Verdie', 'Smitham', '9764 Carroll Mountain', '516-437-4984x2738', 'd');
INSERT INTO `recipients` (`recipient_id`, `recipient_name`, `recipient_surname`, `recipient_address`, `recipient_phone_number`, `recipient_city`) VALUES (91, 'Aleen', 'Ullrich', '982 Walker Harbors Apt. 344', '947-081-8615x792', 'Gdask');
INSERT INTO `recipients` (`recipient_id`, `recipient_name`, `recipient_surname`, `recipient_address`, `recipient_phone_number`, `recipient_city`) VALUES (92, 'Taya', 'Fahey', '707 Theodore Land Suite 286', '+61(4)3859245691', 'Szczecin');
INSERT INTO `recipients` (`recipient_id`, `recipient_name`, `recipient_surname`, `recipient_address`, `recipient_phone_number`, `recipient_city`) VALUES (93, 'Krystina', 'Glover', '905 Hammes Roads Suite 721', '300.722.1425x2102', 'Warszawa');
INSERT INTO `recipients` (`recipient_id`, `recipient_name`, `recipient_surname`, `recipient_address`, `recipient_phone_number`, `recipient_city`) VALUES (94, 'Diamond', 'Goodwin', '6108 Klocko Skyway', '1-354-560-7989', 'Pozna');
INSERT INTO `recipients` (`recipient_id`, `recipient_name`, `recipient_surname`, `recipient_address`, `recipient_phone_number`, `recipient_city`) VALUES (95, 'Jerel', 'White', '318 Eddie Circle', '999-450-6367x4534', 'Warszawa');
INSERT INTO `recipients` (`recipient_id`, `recipient_name`, `recipient_surname`, `recipient_address`, `recipient_phone_number`, `recipient_city`) VALUES (96, 'Travon', 'Donnelly', '9841 Friesen Path Suite 040', '1-930-399-3272x218', 'Opole');
INSERT INTO `recipients` (`recipient_id`, `recipient_name`, `recipient_surname`, `recipient_address`, `recipient_phone_number`, `recipient_city`) VALUES (97, 'Daija', 'Hartmann', '26606 Schamberger Forge Apt. 488', '110.408.8705x59368', 'Zielona Gra');
INSERT INTO `recipients` (`recipient_id`, `recipient_name`, `recipient_surname`, `recipient_address`, `recipient_phone_number`, `recipient_city`) VALUES (98, 'Muhammad', 'Stamm', '1812 Nora Oval', '1-403-793-5817x31783', 'Pozna');
INSERT INTO `recipients` (`recipient_id`, `recipient_name`, `recipient_surname`, `recipient_address`, `recipient_phone_number`, `recipient_city`) VALUES (99, 'Christ', 'Hane', '15103 Mayert Way', '(397)648-0551x4817', 'Biaystok');
INSERT INTO `recipients` (`recipient_id`, `recipient_name`, `recipient_surname`, `recipient_address`, `recipient_phone_number`, `recipient_city`) VALUES (100, 'Kiley', 'Ritchie', '7458 Jaron Turnpike Apt. 294', '(467)708-5478x3640', 'Lublin');


#
# TABLE STRUCTURE FOR: cars
#

#DROP TABLE IF EXISTS `cars`;



INSERT INTO `cars` (`car_id`, `car_reg_number`, `carrying_capacity`, `car_type`, `car_status`, `driver_id`) VALUES (1, '126796', '9999.99', 'Normalne', 'Oczekuje na przydzielenie', 1);
INSERT INTO `cars` (`car_id`, `car_reg_number`, `carrying_capacity`, `car_type`, `car_status`, `driver_id`) VALUES (2, '191707', '9999.99', 'Niebezpieczne', 'Oczekuje na przydzielenie', 2);
INSERT INTO `cars` (`car_id`, `car_reg_number`, `carrying_capacity`, `car_type`, `car_status`, `driver_id`) VALUES (3, '149802', '9999.99', 'Kruche', 'Przydzielono transport', 3);
INSERT INTO `cars` (`car_id`, `car_reg_number`, `carrying_capacity`, `car_type`, `car_status`, `driver_id`) VALUES (4, '223088', '9999.99', 'Normalne', 'Przydzielono transport', 4);
INSERT INTO `cars` (`car_id`, `car_reg_number`, `carrying_capacity`, `car_type`, `car_status`, `driver_id`) VALUES (5, '165878', '9999.99', 'Niebezpieczne', 'Oczekuje na przydzielenie', 5);
INSERT INTO `cars` (`car_id`, `car_reg_number`, `carrying_capacity`, `car_type`, `car_status`, `driver_id`) VALUES (6, '256171', '9999.99', 'Normalne', 'Oczekuje na przydzielenie', 6);
INSERT INTO `cars` (`car_id`, `car_reg_number`, `carrying_capacity`, `car_type`, `car_status`, `driver_id`) VALUES (7, '230635', '9999.99', 'Normalne', 'Oczekuje na przydzielenie', 7);
INSERT INTO `cars` (`car_id`, `car_reg_number`, `carrying_capacity`, `car_type`, `car_status`, `driver_id`) VALUES (8, '140578', '9999.99', 'Kruche', 'Przydzielono transport', 8);
INSERT INTO `cars` (`car_id`, `car_reg_number`, `carrying_capacity`, `car_type`, `car_status`, `driver_id`) VALUES (9, '188685', '9999.99', 'Niebezpieczne', 'Przydzielono transport', 9);
INSERT INTO `cars` (`car_id`, `car_reg_number`, `carrying_capacity`, `car_type`, `car_status`, `driver_id`) VALUES (10, '199733', '9999.99', 'Normalne', 'Oczekuje na przydzielenie', 10);
INSERT INTO `cars` (`car_id`, `car_reg_number`, `carrying_capacity`, `car_type`, `car_status`, `driver_id`) VALUES (11, '290551', '9999.99', 'Kruche', 'Oczekuje na przydzielenie', 11);
INSERT INTO `cars` (`car_id`, `car_reg_number`, `carrying_capacity`, `car_type`, `car_status`, `driver_id`) VALUES (12, '238183', '9999.99', 'Kruche', 'Oczekuje na przydzielenie', 12);
INSERT INTO `cars` (`car_id`, `car_reg_number`, `carrying_capacity`, `car_type`, `car_status`, `driver_id`) VALUES (13, '118778', '9999.99', 'Normalne', 'Oczekuje na przydzielenie', 13);
INSERT INTO `cars` (`car_id`, `car_reg_number`, `carrying_capacity`, `car_type`, `car_status`, `driver_id`) VALUES (14, '155101', '9999.99', 'Niebezpieczne', 'Oczekuje na przydzielenie', 14);
INSERT INTO `cars` (`car_id`, `car_reg_number`, `carrying_capacity`, `car_type`, `car_status`, `driver_id`) VALUES (15, '200499', '9999.99', 'Normalne', 'Przydzielono transport', 15);
INSERT INTO `cars` (`car_id`, `car_reg_number`, `carrying_capacity`, `car_type`, `car_status`, `driver_id`) VALUES (16, '198136', '9999.99', 'Niebezpieczne', 'Przydzielono transport', 16);
INSERT INTO `cars` (`car_id`, `car_reg_number`, `carrying_capacity`, `car_type`, `car_status`, `driver_id`) VALUES (17, '285449', '9999.99', 'Normalne', 'Oczekuje na przydzielenie', 17);
INSERT INTO `cars` (`car_id`, `car_reg_number`, `carrying_capacity`, `car_type`, `car_status`, `driver_id`) VALUES (18, '154382', '9999.99', 'Normalne', 'Oczekuje na przydzielenie', 18);
INSERT INTO `cars` (`car_id`, `car_reg_number`, `carrying_capacity`, `car_type`, `car_status`, `driver_id`) VALUES (19, '154699', '9999.99', 'Kruche', 'Przydzielono transport', 19);
INSERT INTO `cars` (`car_id`, `car_reg_number`, `carrying_capacity`, `car_type`, `car_status`, `driver_id`) VALUES (20, '180673', '9999.99', 'Normalne', 'Oczekuje na przydzielenie', 20);







#
# TABLE STRUCTURE FOR: transports
#

#DROP TABLE IF EXISTS `transports`;



INSERT INTO `transports` (`transport_id`, `transport_city`, `transport_status`, `driver_id`) VALUES (1, 'Rzeszw', 'Zakonczone', 1);
INSERT INTO `transports` (`transport_id`, `transport_city`, `transport_status`, `driver_id`) VALUES (2, 'Opole', 'Oczekuje', 2);
INSERT INTO `transports` (`transport_id`, `transport_city`, `transport_status`, `driver_id`) VALUES (3, 'Kielce', 'Zakonczone', 3);
INSERT INTO `transports` (`transport_id`, `transport_city`, `transport_status`, `driver_id`) VALUES (4, 'Krakw', 'Zakonczone', 4);
INSERT INTO `transports` (`transport_id`, `transport_city`, `transport_status`, `driver_id`) VALUES (5, 'Krakw', 'W trasie', 5);
INSERT INTO `transports` (`transport_id`, `transport_city`, `transport_status`, `driver_id`) VALUES (6, 'Pozna', 'Oczekuje', 6);
INSERT INTO `transports` (`transport_id`, `transport_city`, `transport_status`, `driver_id`) VALUES (7, 'Kielce', 'Oczekuje', 7);
INSERT INTO `transports` (`transport_id`, `transport_city`, `transport_status`, `driver_id`) VALUES (8, 'Opole', 'W trasie', 8);
INSERT INTO `transports` (`transport_id`, `transport_city`, `transport_status`, `driver_id`) VALUES (9, 'Olsztyn', 'Zakonczone', 9);
INSERT INTO `transports` (`transport_id`, `transport_city`, `transport_status`, `driver_id`) VALUES (10, 'Pozna', 'W trasie', 10);
INSERT INTO `transports` (`transport_id`, `transport_city`, `transport_status`, `driver_id`) VALUES (11, 'Wrocaw', 'Oczekuje', 11);
INSERT INTO `transports` (`transport_id`, `transport_city`, `transport_status`, `driver_id`) VALUES (12, 'Kielce', 'Oczekuje', 12);
INSERT INTO `transports` (`transport_id`, `transport_city`, `transport_status`, `driver_id`) VALUES (13, 'Biaystok', 'Zakonczone', 13);
INSERT INTO `transports` (`transport_id`, `transport_city`, `transport_status`, `driver_id`) VALUES (14, 'Olsztyn', 'Oczekuje', 14);
INSERT INTO `transports` (`transport_id`, `transport_city`, `transport_status`, `driver_id`) VALUES (15, 'Warszawa', 'Oczekuje', 15);

#
# TABLE STRUCTURE FOR: packages
#

#DROP TABLE IF EXISTS `packages`;



INSERT INTO `packages` (`package_id`, `package_type`, `package_status`, `package_weight`, `package_price`, `package_priority`, `package_date`, `client_id`, `recipient_id`, `transport_id`) VALUES (1, 'Normalne', 'Nieodebrane', '1402.23', '3985.16', '0', '2019-10-28 00:00:00', 1, 64, 7);
INSERT INTO `packages` (`package_id`, `package_type`, `package_status`, `package_weight`, `package_price`, `package_priority`, `package_date`, `client_id`, `recipient_id`, `transport_id`) VALUES (2, 'Kruche', 'Dostarczone', '1768.12', '84.80', '1', '2019-10-28 00:00:00', 2, 89, 12);
INSERT INTO `packages` (`package_id`, `package_type`, `package_status`, `package_weight`, `package_price`, `package_priority`, `package_date`, `client_id`, `recipient_id`, `transport_id`) VALUES (3, 'Normalne', 'Odebrane', '971.03', '85.69', '0', '2019-10-28 00:00:00', 3, 71, 15);
INSERT INTO `packages` (`package_id`, `package_type`, `package_status`, `package_weight`, `package_price`, `package_priority`, `package_date`, `client_id`, `recipient_id`, `transport_id`) VALUES (4, 'Normalne', 'Dostarczone', '1994.83', '1132.39', '0', '2019-10-28 00:00:00', 4, 59, 11);
INSERT INTO `packages` (`package_id`, `package_type`, `package_status`, `package_weight`, `package_price`, `package_priority`, `package_date`, `client_id`, `recipient_id`, `transport_id`) VALUES (5, 'Niebezpieczne', 'Dostarczone', '973.60', '2130.42', '1', '2019-10-28 00:00:00', 5, 67, 3);
INSERT INTO `packages` (`package_id`, `package_type`, `package_status`, `package_weight`, `package_price`, `package_priority`, `package_date`, `client_id`, `recipient_id`, `transport_id`) VALUES (6, 'Normalne', 'Nieodebrane', '1218.33', '1243.85', '0', '2019-10-28 00:00:00', 6, 29, 4);
INSERT INTO `packages` (`package_id`, `package_type`, `package_status`, `package_weight`, `package_price`, `package_priority`, `package_date`, `client_id`, `recipient_id`, `transport_id`) VALUES (7, 'Normalne', 'Dostarczone', '860.35', '49.25', '1', '2019-10-28 00:00:00', 7, 81, 8);
INSERT INTO `packages` (`package_id`, `package_type`, `package_status`, `package_weight`, `package_price`, `package_priority`, `package_date`, `client_id`, `recipient_id`, `transport_id`) VALUES (8, 'Kruche', 'Odebrane', '1809.16', '989.78', '1', '2019-10-28 00:00:00', 8, 21, 2);
INSERT INTO `packages` (`package_id`, `package_type`, `package_status`, `package_weight`, `package_price`, `package_priority`, `package_date`, `client_id`, `recipient_id`, `transport_id`) VALUES (9, 'Kruche', 'Dostarczone', '1569.11', '4679.94', '0', '2019-10-28 00:00:00', 9, 12, 13);
INSERT INTO `packages` (`package_id`, `package_type`, `package_status`, `package_weight`, `package_price`, `package_priority`, `package_date`, `client_id`, `recipient_id`, `transport_id`) VALUES (10, 'Kruche', 'Odebrane', '1014.99', '831.75', '0', '2019-10-28 00:00:00', 10, 11, 14);
INSERT INTO `packages` (`package_id`, `package_type`, `package_status`, `package_weight`, `package_price`, `package_priority`, `package_date`, `client_id`, `recipient_id`, `transport_id`) VALUES (11, 'Niebezpieczne', 'Odebrane', '474.71', '2679.56', '0', '2019-10-28 00:00:00', 11, 1, 4);
INSERT INTO `packages` (`package_id`, `package_type`, `package_status`, `package_weight`, `package_price`, `package_priority`, `package_date`, `client_id`, `recipient_id`, `transport_id`) VALUES (12, 'Niebezpieczne', 'Nieodebrane', '1934.68', '3831.51', '0', '2019-10-28 00:00:00', 12, 30, 6);
INSERT INTO `packages` (`package_id`, `package_type`, `package_status`, `package_weight`, `package_price`, `package_priority`, `package_date`, `client_id`, `recipient_id`, `transport_id`) VALUES (13, 'Kruche', 'Odebrane', '97.44', '3279.61', '1', '2019-10-28 00:00:00', 13, 80, 13);
INSERT INTO `packages` (`package_id`, `package_type`, `package_status`, `package_weight`, `package_price`, `package_priority`, `package_date`, `client_id`, `recipient_id`, `transport_id`) VALUES (14, 'Normalne', 'Dostarczone', '1570.72', '822.15', '1', '2019-10-28 00:00:00', 14, 15, 10);
INSERT INTO `packages` (`package_id`, `package_type`, `package_status`, `package_weight`, `package_price`, `package_priority`, `package_date`, `client_id`, `recipient_id`, `transport_id`) VALUES (15, 'Normalne', 'Dostarczone', '1592.29', '2744.56', '0', '2019-10-28 00:00:00', 15, 54, 12);
INSERT INTO `packages` (`package_id`, `package_type`, `package_status`, `package_weight`, `package_price`, `package_priority`, `package_date`, `client_id`, `recipient_id`, `transport_id`) VALUES (16, 'Niebezpieczne', 'Nieodebrane', '602.26', '1174.72', '0', '2019-10-28 00:00:00', 16, 60, 3);
INSERT INTO `packages` (`package_id`, `package_type`, `package_status`, `package_weight`, `package_price`, `package_priority`, `package_date`, `client_id`, `recipient_id`, `transport_id`) VALUES (17, 'Niebezpieczne', 'Dostarczone', '1740.13', '1023.32', '0', '2019-10-28 00:00:00', 17, 24, 8);
INSERT INTO `packages` (`package_id`, `package_type`, `package_status`, `package_weight`, `package_price`, `package_priority`, `package_date`, `client_id`, `recipient_id`, `transport_id`) VALUES (18, 'Niebezpieczne', 'Dostarczone', '427.97', '4219.70', '0', '2019-10-28 00:00:00', 18, 95, 15);
INSERT INTO `packages` (`package_id`, `package_type`, `package_status`, `package_weight`, `package_price`, `package_priority`, `package_date`, `client_id`, `recipient_id`, `transport_id`) VALUES (19, 'Kruche', 'Nieodebrane', '357.04', '434.25', '0', '2019-10-28 00:00:00', 19, 46, 9);
INSERT INTO `packages` (`package_id`, `package_type`, `package_status`, `package_weight`, `package_price`, `package_priority`, `package_date`, `client_id`, `recipient_id`, `transport_id`) VALUES (20, 'Niebezpieczne', 'Dostarczone', '1091.36', '2140.08', '0', '2019-10-28 00:00:00', 20, 68, 2);
INSERT INTO `packages` (`package_id`, `package_type`, `package_status`, `package_weight`, `package_price`, `package_priority`, `package_date`, `client_id`, `recipient_id`, `transport_id`) VALUES (21, 'Niebezpieczne', 'Dostarczone', '1382.33', '2334.24', '0', '2019-10-28 00:00:00', 21, 71, 15);
INSERT INTO `packages` (`package_id`, `package_type`, `package_status`, `package_weight`, `package_price`, `package_priority`, `package_date`, `client_id`, `recipient_id`, `transport_id`) VALUES (22, 'Kruche', 'Odebrane', '1697.93', '2746.26', '1', '2019-10-28 00:00:00', 22, 34, 8);
INSERT INTO `packages` (`package_id`, `package_type`, `package_status`, `package_weight`, `package_price`, `package_priority`, `package_date`, `client_id`, `recipient_id`, `transport_id`) VALUES (23, 'Niebezpieczne', 'Odebrane', '1721.38', '2946.21', '1', '2019-10-28 00:00:00', 23, 46, 9);
INSERT INTO `packages` (`package_id`, `package_type`, `package_status`, `package_weight`, `package_price`, `package_priority`, `package_date`, `client_id`, `recipient_id`, `transport_id`) VALUES (24, 'Normalne', 'Nieodebrane', '1543.09', '1331.58', '0', '2019-10-28 00:00:00', 24, 60, 9);
INSERT INTO `packages` (`package_id`, `package_type`, `package_status`, `package_weight`, `package_price`, `package_priority`, `package_date`, `client_id`, `recipient_id`, `transport_id`) VALUES (25, 'Kruche', 'Odebrane', '1914.36', '2720.83', '0', '2019-10-28 00:00:00', 25, 39, 11);
INSERT INTO `packages` (`package_id`, `package_type`, `package_status`, `package_weight`, `package_price`, `package_priority`, `package_date`, `client_id`, `recipient_id`, `transport_id`) VALUES (26, 'Niebezpieczne', 'Dostarczone', '1117.85', '4256.34', '1', '2019-10-28 00:00:00', 26, 49, 6);
INSERT INTO `packages` (`package_id`, `package_type`, `package_status`, `package_weight`, `package_price`, `package_priority`, `package_date`, `client_id`, `recipient_id`, `transport_id`) VALUES (27, 'Niebezpieczne', 'Dostarczone', '1324.71', '2148.00', '1', '2019-10-28 00:00:00', 27, 90, 12);
INSERT INTO `packages` (`package_id`, `package_type`, `package_status`, `package_weight`, `package_price`, `package_priority`, `package_date`, `client_id`, `recipient_id`, `transport_id`) VALUES (28, 'Kruche', 'Nieodebrane', '1734.11', '1189.71', '0', '2019-10-28 00:00:00', 28, 74, 11);
INSERT INTO `packages` (`package_id`, `package_type`, `package_status`, `package_weight`, `package_price`, `package_priority`, `package_date`, `client_id`, `recipient_id`, `transport_id`) VALUES (29, 'Niebezpieczne', 'Odebrane', '857.37', '4070.66', '0', '2019-10-28 00:00:00', 29, 63, 14);
INSERT INTO `packages` (`package_id`, `package_type`, `package_status`, `package_weight`, `package_price`, `package_priority`, `package_date`, `client_id`, `recipient_id`, `transport_id`) VALUES (30, 'Kruche', 'Odebrane', '206.54', '4959.63', '0', '2019-10-28 00:00:00', 30, 33, 3);
INSERT INTO `packages` (`package_id`, `package_type`, `package_status`, `package_weight`, `package_price`, `package_priority`, `package_date`, `client_id`, `recipient_id`, `transport_id`) VALUES (31, 'Normalne', 'Odebrane', '593.45', '793.92', '1', '2019-10-28 00:00:00', 31, 68, 14);
INSERT INTO `packages` (`package_id`, `package_type`, `package_status`, `package_weight`, `package_price`, `package_priority`, `package_date`, `client_id`, `recipient_id`, `transport_id`) VALUES (32, 'Niebezpieczne', 'Odebrane', '622.46', '1697.29', '1', '2019-10-28 00:00:00', 32, 34, 14);
INSERT INTO `packages` (`package_id`, `package_type`, `package_status`, `package_weight`, `package_price`, `package_priority`, `package_date`, `client_id`, `recipient_id`, `transport_id`) VALUES (33, 'Kruche', 'Odebrane', '1746.92', '844.70', '0', '2019-10-28 00:00:00', 33, 40, 5);
INSERT INTO `packages` (`package_id`, `package_type`, `package_status`, `package_weight`, `package_price`, `package_priority`, `package_date`, `client_id`, `recipient_id`, `transport_id`) VALUES (34, 'Normalne', 'Dostarczone', '248.97', '4085.84', '0', '2019-10-28 00:00:00', 34, 87, 13);
INSERT INTO `packages` (`package_id`, `package_type`, `package_status`, `package_weight`, `package_price`, `package_priority`, `package_date`, `client_id`, `recipient_id`, `transport_id`) VALUES (35, 'Kruche', 'Dostarczone', '241.43', '572.78', '0', '2019-10-28 00:00:00', 35, 82, 9);
INSERT INTO `packages` (`package_id`, `package_type`, `package_status`, `package_weight`, `package_price`, `package_priority`, `package_date`, `client_id`, `recipient_id`, `transport_id`) VALUES (36, 'Kruche', 'Nieodebrane', '1387.83', '1840.06', '0', '2019-10-28 00:00:00', 36, 97, 8);
INSERT INTO `packages` (`package_id`, `package_type`, `package_status`, `package_weight`, `package_price`, `package_priority`, `package_date`, `client_id`, `recipient_id`, `transport_id`) VALUES (37, 'Niebezpieczne', 'Dostarczone', '47.82', '593.53', '0', '2019-10-28 00:00:00', 37, 50, 5);
INSERT INTO `packages` (`package_id`, `package_type`, `package_status`, `package_weight`, `package_price`, `package_priority`, `package_date`, `client_id`, `recipient_id`, `transport_id`) VALUES (38, 'Normalne', 'Nieodebrane', '947.53', '1055.27', '0', '2019-10-28 00:00:00', 38, 4, 15);
INSERT INTO `packages` (`package_id`, `package_type`, `package_status`, `package_weight`, `package_price`, `package_priority`, `package_date`, `client_id`, `recipient_id`, `transport_id`) VALUES (39, 'Kruche', 'Nieodebrane', '1554.12', '4870.04', '1', '2019-10-28 00:00:00', 39, 85, 10);
INSERT INTO `packages` (`package_id`, `package_type`, `package_status`, `package_weight`, `package_price`, `package_priority`, `package_date`, `client_id`, `recipient_id`, `transport_id`) VALUES (40, 'Normalne', 'Nieodebrane', '1672.86', '734.28', '0', '2019-10-28 00:00:00', 40, 52, 4);
INSERT INTO `packages` (`package_id`, `package_type`, `package_status`, `package_weight`, `package_price`, `package_priority`, `package_date`, `client_id`, `recipient_id`, `transport_id`) VALUES (41, 'Niebezpieczne', 'Dostarczone', '1442.17', '3288.80', '1', '2019-10-28 00:00:00', 41, 34, 15);
INSERT INTO `packages` (`package_id`, `package_type`, `package_status`, `package_weight`, `package_price`, `package_priority`, `package_date`, `client_id`, `recipient_id`, `transport_id`) VALUES (42, 'Niebezpieczne', 'Odebrane', '1477.49', '417.72', '1', '2019-10-28 00:00:00', 42, 63, 4);
INSERT INTO `packages` (`package_id`, `package_type`, `package_status`, `package_weight`, `package_price`, `package_priority`, `package_date`, `client_id`, `recipient_id`, `transport_id`) VALUES (43, 'Normalne', 'Nieodebrane', '1135.13', '99.30', '1', '2019-10-28 00:00:00', 43, 78, 6);
INSERT INTO `packages` (`package_id`, `package_type`, `package_status`, `package_weight`, `package_price`, `package_priority`, `package_date`, `client_id`, `recipient_id`, `transport_id`) VALUES (44, 'Kruche', 'Nieodebrane', '1505.14', '4305.24', '0', '2019-10-28 00:00:00', 44, 93, 6);
INSERT INTO `packages` (`package_id`, `package_type`, `package_status`, `package_weight`, `package_price`, `package_priority`, `package_date`, `client_id`, `recipient_id`, `transport_id`) VALUES (45, 'Niebezpieczne', 'Nieodebrane', '1916.32', '248.99', '0', '2019-10-28 00:00:00', 45, 25, 4);
INSERT INTO `packages` (`package_id`, `package_type`, `package_status`, `package_weight`, `package_price`, `package_priority`, `package_date`, `client_id`, `recipient_id`, `transport_id`) VALUES (46, 'Niebezpieczne', 'Odebrane', '122.37', '334.95', '0', '2019-10-28 00:00:00', 46, 57, 14);
INSERT INTO `packages` (`package_id`, `package_type`, `package_status`, `package_weight`, `package_price`, `package_priority`, `package_date`, `client_id`, `recipient_id`, `transport_id`) VALUES (47, 'Niebezpieczne', 'Nieodebrane', '1332.23', '324.88', '0', '2019-10-28 00:00:00', 47, 17, 14);
INSERT INTO `packages` (`package_id`, `package_type`, `package_status`, `package_weight`, `package_price`, `package_priority`, `package_date`, `client_id`, `recipient_id`, `transport_id`) VALUES (48, 'Normalne', 'Nieodebrane', '1041.96', '2857.42', '1', '2019-10-28 00:00:00', 48, 85, 9);
INSERT INTO `packages` (`package_id`, `package_type`, `package_status`, `package_weight`, `package_price`, `package_priority`, `package_date`, `client_id`, `recipient_id`, `transport_id`) VALUES (49, 'Kruche', 'Nieodebrane', '17.21', '1740.87', '0', '2019-10-28 00:00:00', 49, 18, 11);
INSERT INTO `packages` (`package_id`, `package_type`, `package_status`, `package_weight`, `package_price`, `package_priority`, `package_date`, `client_id`, `recipient_id`, `transport_id`) VALUES (50, 'Kruche', 'Odebrane', '1410.13', '3324.85', '1', '2019-10-28 00:00:00', 50, 41, 15);
INSERT INTO `packages` (`package_id`, `package_type`, `package_status`, `package_weight`, `package_price`, `package_priority`, `package_date`, `client_id`, `recipient_id`, `transport_id`) VALUES (51, 'Niebezpieczne', 'Dostarczone', '636.72', '920.22', '0', '2019-10-28 00:00:00', 51, 25, 6);
INSERT INTO `packages` (`package_id`, `package_type`, `package_status`, `package_weight`, `package_price`, `package_priority`, `package_date`, `client_id`, `recipient_id`, `transport_id`) VALUES (52, 'Normalne', 'Nieodebrane', '1904.57', '4924.05', '0', '2019-10-28 00:00:00', 52, 53, 12);
INSERT INTO `packages` (`package_id`, `package_type`, `package_status`, `package_weight`, `package_price`, `package_priority`, `package_date`, `client_id`, `recipient_id`, `transport_id`) VALUES (53, 'Niebezpieczne', 'Dostarczone', '1733.30', '2298.30', '1', '2019-10-28 00:00:00', 53, 67, 9);
INSERT INTO `packages` (`package_id`, `package_type`, `package_status`, `package_weight`, `package_price`, `package_priority`, `package_date`, `client_id`, `recipient_id`, `transport_id`) VALUES (54, 'Kruche', 'Dostarczone', '98.75', '3895.90', '1', '2019-10-28 00:00:00', 54, 70, 8);
INSERT INTO `packages` (`package_id`, `package_type`, `package_status`, `package_weight`, `package_price`, `package_priority`, `package_date`, `client_id`, `recipient_id`, `transport_id`) VALUES (55, 'Niebezpieczne', 'Dostarczone', '1808.12', '4313.30', '0', '2019-10-28 00:00:00', 55, 20, 4);
INSERT INTO `packages` (`package_id`, `package_type`, `package_status`, `package_weight`, `package_price`, `package_priority`, `package_date`, `client_id`, `recipient_id`, `transport_id`) VALUES (56, 'Normalne', 'Odebrane', '636.21', '993.48', '0', '2019-10-28 00:00:00', 56, 75, 8);
INSERT INTO `packages` (`package_id`, `package_type`, `package_status`, `package_weight`, `package_price`, `package_priority`, `package_date`, `client_id`, `recipient_id`, `transport_id`) VALUES (57, 'Niebezpieczne', 'Dostarczone', '451.89', '4618.04', '1', '2019-10-28 00:00:00', 57, 20, 6);
INSERT INTO `packages` (`package_id`, `package_type`, `package_status`, `package_weight`, `package_price`, `package_priority`, `package_date`, `client_id`, `recipient_id`, `transport_id`) VALUES (58, 'Kruche', 'Nieodebrane', '1454.53', '3431.40', '1', '2019-10-28 00:00:00', 58, 76, 15);
INSERT INTO `packages` (`package_id`, `package_type`, `package_status`, `package_weight`, `package_price`, `package_priority`, `package_date`, `client_id`, `recipient_id`, `transport_id`) VALUES (59, 'Kruche', 'Nieodebrane', '1286.55', '1736.24', '1', '2019-10-28 00:00:00', 59, 74, 11);
INSERT INTO `packages` (`package_id`, `package_type`, `package_status`, `package_weight`, `package_price`, `package_priority`, `package_date`, `client_id`, `recipient_id`, `transport_id`) VALUES (60, 'Normalne', 'Odebrane', '176.71', '5.04', '0', '2019-10-28 00:00:00', 60, 38, 15);
INSERT INTO `packages` (`package_id`, `package_type`, `package_status`, `package_weight`, `package_price`, `package_priority`, `package_date`, `client_id`, `recipient_id`, `transport_id`) VALUES (61, 'Niebezpieczne', 'Odebrane', '1955.86', '2836.14', '1', '2019-10-28 00:00:00', 61, 94, 15);
INSERT INTO `packages` (`package_id`, `package_type`, `package_status`, `package_weight`, `package_price`, `package_priority`, `package_date`, `client_id`, `recipient_id`, `transport_id`) VALUES (62, 'Niebezpieczne', 'Nieodebrane', '728.74', '3708.49', '0', '2019-10-28 00:00:00', 62, 92, 2);
INSERT INTO `packages` (`package_id`, `package_type`, `package_status`, `package_weight`, `package_price`, `package_priority`, `package_date`, `client_id`, `recipient_id`, `transport_id`) VALUES (63, 'Normalne', 'Dostarczone', '770.53', '433.20', '0', '2019-10-28 00:00:00', 63, 83, 12);
INSERT INTO `packages` (`package_id`, `package_type`, `package_status`, `package_weight`, `package_price`, `package_priority`, `package_date`, `client_id`, `recipient_id`, `transport_id`) VALUES (64, 'Niebezpieczne', 'Nieodebrane', '240.39', '3784.77', '1', '2019-10-28 00:00:00', 64, 67, 1);
INSERT INTO `packages` (`package_id`, `package_type`, `package_status`, `package_weight`, `package_price`, `package_priority`, `package_date`, `client_id`, `recipient_id`, `transport_id`) VALUES (65, 'Kruche', 'Dostarczone', '1606.22', '4621.61', '0', '2019-10-28 00:00:00', 65, 48, 2);
INSERT INTO `packages` (`package_id`, `package_type`, `package_status`, `package_weight`, `package_price`, `package_priority`, `package_date`, `client_id`, `recipient_id`, `transport_id`) VALUES (66, 'Niebezpieczne', 'Odebrane', '942.87', '3679.41', '0', '2019-10-28 00:00:00', 66, 1, 11);
INSERT INTO `packages` (`package_id`, `package_type`, `package_status`, `package_weight`, `package_price`, `package_priority`, `package_date`, `client_id`, `recipient_id`, `transport_id`) VALUES (67, 'Kruche', 'Odebrane', '651.61', '214.61', '0', '2019-10-28 00:00:00', 67, 45, 8);
INSERT INTO `packages` (`package_id`, `package_type`, `package_status`, `package_weight`, `package_price`, `package_priority`, `package_date`, `client_id`, `recipient_id`, `transport_id`) VALUES (68, 'Niebezpieczne', 'Dostarczone', '1794.72', '989.90', '0', '2019-10-28 00:00:00', 68, 47, 2);
INSERT INTO `packages` (`package_id`, `package_type`, `package_status`, `package_weight`, `package_price`, `package_priority`, `package_date`, `client_id`, `recipient_id`, `transport_id`) VALUES (69, 'Niebezpieczne', 'Odebrane', '681.41', '21.34', '1', '2019-10-28 00:00:00', 69, 9, 3);
INSERT INTO `packages` (`package_id`, `package_type`, `package_status`, `package_weight`, `package_price`, `package_priority`, `package_date`, `client_id`, `recipient_id`, `transport_id`) VALUES (70, 'Kruche', 'Nieodebrane', '1917.39', '3134.75', '0', '2019-10-28 00:00:00', 70, 63, 5);
INSERT INTO `packages` (`package_id`, `package_type`, `package_status`, `package_weight`, `package_price`, `package_priority`, `package_date`, `client_id`, `recipient_id`, `transport_id`) VALUES (71, 'Kruche', 'Nieodebrane', '644.13', '1266.67', '0', '2019-10-28 00:00:00', 71, 37, 6);
INSERT INTO `packages` (`package_id`, `package_type`, `package_status`, `package_weight`, `package_price`, `package_priority`, `package_date`, `client_id`, `recipient_id`, `transport_id`) VALUES (72, 'Normalne', 'Odebrane', '1391.43', '47.22', '0', '2019-10-28 00:00:00', 72, 81, 9);
INSERT INTO `packages` (`package_id`, `package_type`, `package_status`, `package_weight`, `package_price`, `package_priority`, `package_date`, `client_id`, `recipient_id`, `transport_id`) VALUES (73, 'Kruche', 'Odebrane', '1852.18', '4540.10', '1', '2019-10-28 00:00:00', 73, 74, 9);
INSERT INTO `packages` (`package_id`, `package_type`, `package_status`, `package_weight`, `package_price`, `package_priority`, `package_date`, `client_id`, `recipient_id`, `transport_id`) VALUES (74, 'Normalne', 'Dostarczone', '135.56', '474.86', '0', '2019-10-28 00:00:00', 74, 54, 8);
INSERT INTO `packages` (`package_id`, `package_type`, `package_status`, `package_weight`, `package_price`, `package_priority`, `package_date`, `client_id`, `recipient_id`, `transport_id`) VALUES (75, 'Niebezpieczne', 'Odebrane', '560.29', '3129.32', '1', '2019-10-28 00:00:00', 75, 26, 14);
INSERT INTO `packages` (`package_id`, `package_type`, `package_status`, `package_weight`, `package_price`, `package_priority`, `package_date`, `client_id`, `recipient_id`, `transport_id`) VALUES (76, 'Normalne', 'Dostarczone', '1569.99', '831.72', '1', '2019-10-28 00:00:00', 76, 47, 3);
INSERT INTO `packages` (`package_id`, `package_type`, `package_status`, `package_weight`, `package_price`, `package_priority`, `package_date`, `client_id`, `recipient_id`, `transport_id`) VALUES (77, 'Kruche', 'Nieodebrane', '1767.36', '1883.00', '0', '2019-10-28 00:00:00', 77, 85, 6);
INSERT INTO `packages` (`package_id`, `package_type`, `package_status`, `package_weight`, `package_price`, `package_priority`, `package_date`, `client_id`, `recipient_id`, `transport_id`) VALUES (78, 'Normalne', 'Nieodebrane', '1578.75', '1869.05', '1', '2019-10-28 00:00:00', 78, 31, 11);
INSERT INTO `packages` (`package_id`, `package_type`, `package_status`, `package_weight`, `package_price`, `package_priority`, `package_date`, `client_id`, `recipient_id`, `transport_id`) VALUES (79, 'Kruche', 'Dostarczone', '1772.25', '4078.94', '1', '2019-10-28 00:00:00', 79, 15, 15);
INSERT INTO `packages` (`package_id`, `package_type`, `package_status`, `package_weight`, `package_price`, `package_priority`, `package_date`, `client_id`, `recipient_id`, `transport_id`) VALUES (80, 'Normalne', 'Nieodebrane', '1395.24', '2174.28', '1', '2019-10-28 00:00:00', 80, 69, 10);
INSERT INTO `packages` (`package_id`, `package_type`, `package_status`, `package_weight`, `package_price`, `package_priority`, `package_date`, `client_id`, `recipient_id`, `transport_id`) VALUES (81, 'Niebezpieczne', 'Odebrane', '220.50', '563.73', '1', '2019-10-28 00:00:00', 81, 5, 11);
INSERT INTO `packages` (`package_id`, `package_type`, `package_status`, `package_weight`, `package_price`, `package_priority`, `package_date`, `client_id`, `recipient_id`, `transport_id`) VALUES (82, 'Niebezpieczne', 'Nieodebrane', '1342.59', '1769.54', '1', '2019-10-28 00:00:00', 82, 35, 8);
INSERT INTO `packages` (`package_id`, `package_type`, `package_status`, `package_weight`, `package_price`, `package_priority`, `package_date`, `client_id`, `recipient_id`, `transport_id`) VALUES (83, 'Normalne', 'Dostarczone', '712.01', '1497.32', '1', '2019-10-28 00:00:00', 83, 22, 13);
INSERT INTO `packages` (`package_id`, `package_type`, `package_status`, `package_weight`, `package_price`, `package_priority`, `package_date`, `client_id`, `recipient_id`, `transport_id`) VALUES (84, 'Normalne', 'Odebrane', '40.62', '1530.36', '1', '2019-10-28 00:00:00', 84, 61, 5);
INSERT INTO `packages` (`package_id`, `package_type`, `package_status`, `package_weight`, `package_price`, `package_priority`, `package_date`, `client_id`, `recipient_id`, `transport_id`) VALUES (85, 'Kruche', 'Odebrane', '189.08', '3007.35', '1', '2019-10-28 00:00:00', 85, 98, 4);
INSERT INTO `packages` (`package_id`, `package_type`, `package_status`, `package_weight`, `package_price`, `package_priority`, `package_date`, `client_id`, `recipient_id`, `transport_id`) VALUES (86, 'Normalne', 'Nieodebrane', '911.75', '961.63', '0', '2019-10-28 00:00:00', 86, 58, 6);
INSERT INTO `packages` (`package_id`, `package_type`, `package_status`, `package_weight`, `package_price`, `package_priority`, `package_date`, `client_id`, `recipient_id`, `transport_id`) VALUES (87, 'Kruche', 'Nieodebrane', '295.29', '200.05', '1', '2019-10-28 00:00:00', 87, 60, 6);
INSERT INTO `packages` (`package_id`, `package_type`, `package_status`, `package_weight`, `package_price`, `package_priority`, `package_date`, `client_id`, `recipient_id`, `transport_id`) VALUES (88, 'Kruche', 'Odebrane', '1166.30', '2696.23', '1', '2019-10-28 00:00:00', 88, 91, 6);
INSERT INTO `packages` (`package_id`, `package_type`, `package_status`, `package_weight`, `package_price`, `package_priority`, `package_date`, `client_id`, `recipient_id`, `transport_id`) VALUES (89, 'Niebezpieczne', 'Dostarczone', '823.13', '4200.37', '0', '2019-10-28 00:00:00', 89, 96, 7);
INSERT INTO `packages` (`package_id`, `package_type`, `package_status`, `package_weight`, `package_price`, `package_priority`, `package_date`, `client_id`, `recipient_id`, `transport_id`) VALUES (90, 'Niebezpieczne', 'Odebrane', '416.61', '4148.14', '0', '2019-10-28 00:00:00', 90, 82, 4);
INSERT INTO `packages` (`package_id`, `package_type`, `package_status`, `package_weight`, `package_price`, `package_priority`, `package_date`, `client_id`, `recipient_id`, `transport_id`) VALUES (91, 'Normalne', 'Nieodebrane', '654.78', '1799.95', '0', '2019-10-28 00:00:00', 91, 36, 5);
INSERT INTO `packages` (`package_id`, `package_type`, `package_status`, `package_weight`, `package_price`, `package_priority`, `package_date`, `client_id`, `recipient_id`, `transport_id`) VALUES (92, 'Normalne', 'Nieodebrane', '313.61', '2640.22', '0', '2019-10-28 00:00:00', 92, 41, 4);
INSERT INTO `packages` (`package_id`, `package_type`, `package_status`, `package_weight`, `package_price`, `package_priority`, `package_date`, `client_id`, `recipient_id`, `transport_id`) VALUES (93, 'Kruche', 'Dostarczone', '897.98', '2780.41', '0', '2019-10-28 00:00:00', 93, 67, 11);
INSERT INTO `packages` (`package_id`, `package_type`, `package_status`, `package_weight`, `package_price`, `package_priority`, `package_date`, `client_id`, `recipient_id`, `transport_id`) VALUES (94, 'Kruche', 'Odebrane', '1696.88', '3060.83', '1', '2019-10-28 00:00:00', 94, 88, 13);
INSERT INTO `packages` (`package_id`, `package_type`, `package_status`, `package_weight`, `package_price`, `package_priority`, `package_date`, `client_id`, `recipient_id`, `transport_id`) VALUES (95, 'Normalne', 'Dostarczone', '868.14', '2726.43', '0', '2019-10-28 00:00:00', 95, 69, 9);
INSERT INTO `packages` (`package_id`, `package_type`, `package_status`, `package_weight`, `package_price`, `package_priority`, `package_date`, `client_id`, `recipient_id`, `transport_id`) VALUES (96, 'Normalne', 'Dostarczone', '865.87', '2634.21', '0', '2019-10-28 00:00:00', 96, 44, 11);
INSERT INTO `packages` (`package_id`, `package_type`, `package_status`, `package_weight`, `package_price`, `package_priority`, `package_date`, `client_id`, `recipient_id`, `transport_id`) VALUES (97, 'Normalne', 'Odebrane', '1967.85', '2113.28', '1', '2019-10-28 00:00:00', 97, 25, 12);
INSERT INTO `packages` (`package_id`, `package_type`, `package_status`, `package_weight`, `package_price`, `package_priority`, `package_date`, `client_id`, `recipient_id`, `transport_id`) VALUES (98, 'Kruche', 'Dostarczone', '781.84', '4037.94', '1', '2019-10-28 00:00:00', 98, 23, 7);
INSERT INTO `packages` (`package_id`, `package_type`, `package_status`, `package_weight`, `package_price`, `package_priority`, `package_date`, `client_id`, `recipient_id`, `transport_id`) VALUES (99, 'Niebezpieczne', 'Odebrane', '825.29', '1824.00', '1', '2019-10-28 00:00:00', 99, 60, 13);
INSERT INTO `packages` (`package_id`, `package_type`, `package_status`, `package_weight`, `package_price`, `package_priority`, `package_date`, `client_id`, `recipient_id`, `transport_id`) VALUES (100, 'Normalne', 'Dostarczone', '451.07', '4973.98', '1', '2019-10-28 00:00:00', 100, 76, 9);
INSERT INTO `packages` (`package_id`, `package_type`, `package_status`, `package_weight`, `package_price`, `package_priority`, `package_date`, `client_id`, `recipient_id`, `transport_id`) VALUES (101, 'Kruche', 'Nieodebrane', '1963.28', '4246.15', '0', '2019-10-28 00:00:00', 1, 7, 5);
INSERT INTO `packages` (`package_id`, `package_type`, `package_status`, `package_weight`, `package_price`, `package_priority`, `package_date`, `client_id`, `recipient_id`, `transport_id`) VALUES (102, 'Normalne', 'Dostarczone', '266.29', '3984.95', '0', '2019-10-28 00:00:00', 2, 92, 10);
INSERT INTO `packages` (`package_id`, `package_type`, `package_status`, `package_weight`, `package_price`, `package_priority`, `package_date`, `client_id`, `recipient_id`, `transport_id`) VALUES (103, 'Niebezpieczne', 'Odebrane', '633.72', '927.81', '0', '2019-10-28 00:00:00', 3, 72, 13);
INSERT INTO `packages` (`package_id`, `package_type`, `package_status`, `package_weight`, `package_price`, `package_priority`, `package_date`, `client_id`, `recipient_id`, `transport_id`) VALUES (104, 'Niebezpieczne', 'Odebrane', '1699.55', '4692.40', '1', '2019-10-28 00:00:00', 4, 1, 11);
INSERT INTO `packages` (`package_id`, `package_type`, `package_status`, `package_weight`, `package_price`, `package_priority`, `package_date`, `client_id`, `recipient_id`, `transport_id`) VALUES (105, 'Kruche', 'Odebrane', '1926.12', '1430.48', '1', '2019-10-28 00:00:00', 5, 27, 13);
INSERT INTO `packages` (`package_id`, `package_type`, `package_status`, `package_weight`, `package_price`, `package_priority`, `package_date`, `client_id`, `recipient_id`, `transport_id`) VALUES (106, 'Kruche', 'Nieodebrane', '1974.09', '4850.26', '1', '2019-10-28 00:00:00', 6, 89, 10);
INSERT INTO `packages` (`package_id`, `package_type`, `package_status`, `package_weight`, `package_price`, `package_priority`, `package_date`, `client_id`, `recipient_id`, `transport_id`) VALUES (107, 'Kruche', 'Odebrane', '1746.85', '677.34', '1', '2019-10-28 00:00:00', 7, 11, 5);
INSERT INTO `packages` (`package_id`, `package_type`, `package_status`, `package_weight`, `package_price`, `package_priority`, `package_date`, `client_id`, `recipient_id`, `transport_id`) VALUES (108, 'Kruche', 'Odebrane', '981.16', '4643.68', '0', '2019-10-28 00:00:00', 8, 83, 12);
INSERT INTO `packages` (`package_id`, `package_type`, `package_status`, `package_weight`, `package_price`, `package_priority`, `package_date`, `client_id`, `recipient_id`, `transport_id`) VALUES (109, 'Niebezpieczne', 'Odebrane', '351.57', '1813.08', '1', '2019-10-28 00:00:00', 9, 1, 11);
INSERT INTO `packages` (`package_id`, `package_type`, `package_status`, `package_weight`, `package_price`, `package_priority`, `package_date`, `client_id`, `recipient_id`, `transport_id`) VALUES (110, 'Kruche', 'Nieodebrane', '314.37', '2311.10', '1', '2019-10-28 00:00:00', 10, 58, 11);
INSERT INTO `packages` (`package_id`, `package_type`, `package_status`, `package_weight`, `package_price`, `package_priority`, `package_date`, `client_id`, `recipient_id`, `transport_id`) VALUES (111, 'Kruche', 'Nieodebrane', '907.83', '1902.33', '0', '2019-10-28 00:00:00', 11, 26, 1);
INSERT INTO `packages` (`package_id`, `package_type`, `package_status`, `package_weight`, `package_price`, `package_priority`, `package_date`, `client_id`, `recipient_id`, `transport_id`) VALUES (112, 'Kruche', 'Nieodebrane', '1724.79', '3862.48', '0', '2019-10-28 00:00:00', 12, 43, 8);
INSERT INTO `packages` (`package_id`, `package_type`, `package_status`, `package_weight`, `package_price`, `package_priority`, `package_date`, `client_id`, `recipient_id`, `transport_id`) VALUES (113, 'Kruche', 'Odebrane', '1824.16', '750.60', '0', '2019-10-28 00:00:00', 13, 79, 10);
INSERT INTO `packages` (`package_id`, `package_type`, `package_status`, `package_weight`, `package_price`, `package_priority`, `package_date`, `client_id`, `recipient_id`, `transport_id`) VALUES (114, 'Normalne', 'Dostarczone', '1324.43', '1118.56', '0', '2019-10-28 00:00:00', 14, 96, 6);
INSERT INTO `packages` (`package_id`, `package_type`, `package_status`, `package_weight`, `package_price`, `package_priority`, `package_date`, `client_id`, `recipient_id`, `transport_id`) VALUES (115, 'Normalne', 'Dostarczone', '1686.07', '305.05', '0', '2019-10-28 00:00:00', 15, 48, 11);
INSERT INTO `packages` (`package_id`, `package_type`, `package_status`, `package_weight`, `package_price`, `package_priority`, `package_date`, `client_id`, `recipient_id`, `transport_id`) VALUES (116, 'Kruche', 'Nieodebrane', '1079.43', '1736.20', '1', '2019-10-28 00:00:00', 16, 94, 9);
INSERT INTO `packages` (`package_id`, `package_type`, `package_status`, `package_weight`, `package_price`, `package_priority`, `package_date`, `client_id`, `recipient_id`, `transport_id`) VALUES (117, 'Niebezpieczne', 'Nieodebrane', '255.04', '3283.29', '1', '2019-10-28 00:00:00', 17, 4, 13);
INSERT INTO `packages` (`package_id`, `package_type`, `package_status`, `package_weight`, `package_price`, `package_priority`, `package_date`, `client_id`, `recipient_id`, `transport_id`) VALUES (118, 'Normalne', 'Dostarczone', '402.13', '3566.95', '0', '2019-10-28 00:00:00', 18, 20, 12);
INSERT INTO `packages` (`package_id`, `package_type`, `package_status`, `package_weight`, `package_price`, `package_priority`, `package_date`, `client_id`, `recipient_id`, `transport_id`) VALUES (119, 'Niebezpieczne', 'Nieodebrane', '1791.44', '431.66', '1', '2019-10-28 00:00:00', 19, 67, 4);
INSERT INTO `packages` (`package_id`, `package_type`, `package_status`, `package_weight`, `package_price`, `package_priority`, `package_date`, `client_id`, `recipient_id`, `transport_id`) VALUES (120, 'Niebezpieczne', 'Dostarczone', '1661.40', '637.37', '1', '2019-10-28 00:00:00', 20, 42, 15);
INSERT INTO `packages` (`package_id`, `package_type`, `package_status`, `package_weight`, `package_price`, `package_priority`, `package_date`, `client_id`, `recipient_id`, `transport_id`) VALUES (121, 'Niebezpieczne', 'Odebrane', '1020.36', '3962.44', '0', '2019-10-28 00:00:00', 21, 2, 5);
INSERT INTO `packages` (`package_id`, `package_type`, `package_status`, `package_weight`, `package_price`, `package_priority`, `package_date`, `client_id`, `recipient_id`, `transport_id`) VALUES (122, 'Niebezpieczne', 'Dostarczone', '909.73', '4218.21', '1', '2019-10-28 00:00:00', 22, 56, 2);
INSERT INTO `packages` (`package_id`, `package_type`, `package_status`, `package_weight`, `package_price`, `package_priority`, `package_date`, `client_id`, `recipient_id`, `transport_id`) VALUES (123, 'Niebezpieczne', 'Nieodebrane', '813.25', '4406.19', '0', '2019-10-28 00:00:00', 23, 60, 6);
INSERT INTO `packages` (`package_id`, `package_type`, `package_status`, `package_weight`, `package_price`, `package_priority`, `package_date`, `client_id`, `recipient_id`, `transport_id`) VALUES (124, 'Normalne', 'Odebrane', '1681.98', '3175.10', '0', '2019-10-28 00:00:00', 24, 89, 9);
INSERT INTO `packages` (`package_id`, `package_type`, `package_status`, `package_weight`, `package_price`, `package_priority`, `package_date`, `client_id`, `recipient_id`, `transport_id`) VALUES (125, 'Niebezpieczne', 'Nieodebrane', '113.02', '413.23', '0', '2019-10-28 00:00:00', 25, 9, 7);
INSERT INTO `packages` (`package_id`, `package_type`, `package_status`, `package_weight`, `package_price`, `package_priority`, `package_date`, `client_id`, `recipient_id`, `transport_id`) VALUES (126, 'Kruche', 'Dostarczone', '1129.81', '1838.31', '0', '2019-10-28 00:00:00', 26, 29, 6);
INSERT INTO `packages` (`package_id`, `package_type`, `package_status`, `package_weight`, `package_price`, `package_priority`, `package_date`, `client_id`, `recipient_id`, `transport_id`) VALUES (127, 'Kruche', 'Dostarczone', '537.74', '1040.55', '0', '2019-10-28 00:00:00', 27, 47, 11);
INSERT INTO `packages` (`package_id`, `package_type`, `package_status`, `package_weight`, `package_price`, `package_priority`, `package_date`, `client_id`, `recipient_id`, `transport_id`) VALUES (128, 'Normalne', 'Odebrane', '1198.77', '4027.55', '0', '2019-10-28 00:00:00', 28, 84, 4);
INSERT INTO `packages` (`package_id`, `package_type`, `package_status`, `package_weight`, `package_price`, `package_priority`, `package_date`, `client_id`, `recipient_id`, `transport_id`) VALUES (129, 'Normalne', 'Odebrane', '1317.60', '4265.57', '0', '2019-10-28 00:00:00', 29, 36, 12);
INSERT INTO `packages` (`package_id`, `package_type`, `package_status`, `package_weight`, `package_price`, `package_priority`, `package_date`, `client_id`, `recipient_id`, `transport_id`) VALUES (130, 'Kruche', 'Nieodebrane', '1792.66', '1516.12', '0', '2019-10-28 00:00:00', 30, 62, 13);
INSERT INTO `packages` (`package_id`, `package_type`, `package_status`, `package_weight`, `package_price`, `package_priority`, `package_date`, `client_id`, `recipient_id`, `transport_id`) VALUES (131, 'Normalne', 'Odebrane', '863.86', '2367.61', '0', '2019-10-28 00:00:00', 31, 50, 9);
INSERT INTO `packages` (`package_id`, `package_type`, `package_status`, `package_weight`, `package_price`, `package_priority`, `package_date`, `client_id`, `recipient_id`, `transport_id`) VALUES (132, 'Niebezpieczne', 'Dostarczone', '1705.39', '2348.33', '0', '2019-10-28 00:00:00', 32, 37, 8);
INSERT INTO `packages` (`package_id`, `package_type`, `package_status`, `package_weight`, `package_price`, `package_priority`, `package_date`, `client_id`, `recipient_id`, `transport_id`) VALUES (133, 'Normalne', 'Dostarczone', '87.67', '4872.28', '0', '2019-10-28 00:00:00', 33, 41, 9);
INSERT INTO `packages` (`package_id`, `package_type`, `package_status`, `package_weight`, `package_price`, `package_priority`, `package_date`, `client_id`, `recipient_id`, `transport_id`) VALUES (134, 'Kruche', 'Odebrane', '1041.17', '2289.39', '0', '2019-10-28 00:00:00', 34, 27, 2);
INSERT INTO `packages` (`package_id`, `package_type`, `package_status`, `package_weight`, `package_price`, `package_priority`, `package_date`, `client_id`, `recipient_id`, `transport_id`) VALUES (135, 'Kruche', 'Nieodebrane', '709.37', '2402.98', '0', '2019-10-28 00:00:00', 35, 77, 11);
INSERT INTO `packages` (`package_id`, `package_type`, `package_status`, `package_weight`, `package_price`, `package_priority`, `package_date`, `client_id`, `recipient_id`, `transport_id`) VALUES (136, 'Kruche', 'Nieodebrane', '1133.55', '321.22', '1', '2019-10-28 00:00:00', 36, 1, 12);
INSERT INTO `packages` (`package_id`, `package_type`, `package_status`, `package_weight`, `package_price`, `package_priority`, `package_date`, `client_id`, `recipient_id`, `transport_id`) VALUES (137, 'Normalne', 'Nieodebrane', '310.03', '3204.98', '1', '2019-10-28 00:00:00', 37, 99, 9);
INSERT INTO `packages` (`package_id`, `package_type`, `package_status`, `package_weight`, `package_price`, `package_priority`, `package_date`, `client_id`, `recipient_id`, `transport_id`) VALUES (138, 'Niebezpieczne', 'Odebrane', '1821.37', '3736.75', '0', '2019-10-28 00:00:00', 38, 91, 9);
INSERT INTO `packages` (`package_id`, `package_type`, `package_status`, `package_weight`, `package_price`, `package_priority`, `package_date`, `client_id`, `recipient_id`, `transport_id`) VALUES (139, 'Niebezpieczne', 'Odebrane', '995.82', '1677.10', '0', '2019-10-28 00:00:00', 39, 96, 12);
INSERT INTO `packages` (`package_id`, `package_type`, `package_status`, `package_weight`, `package_price`, `package_priority`, `package_date`, `client_id`, `recipient_id`, `transport_id`) VALUES (140, 'Normalne', 'Odebrane', '842.03', '2972.74', '1', '2019-10-28 00:00:00', 40, 18, 1);
INSERT INTO `packages` (`package_id`, `package_type`, `package_status`, `package_weight`, `package_price`, `package_priority`, `package_date`, `client_id`, `recipient_id`, `transport_id`) VALUES (141, 'Normalne', 'Odebrane', '1021.23', '694.82', '0', '2019-10-28 00:00:00', 41, 25, 7);
INSERT INTO `packages` (`package_id`, `package_type`, `package_status`, `package_weight`, `package_price`, `package_priority`, `package_date`, `client_id`, `recipient_id`, `transport_id`) VALUES (142, 'Niebezpieczne', 'Nieodebrane', '151.69', '2750.77', '0', '2019-10-28 00:00:00', 42, 38, 11);
INSERT INTO `packages` (`package_id`, `package_type`, `package_status`, `package_weight`, `package_price`, `package_priority`, `package_date`, `client_id`, `recipient_id`, `transport_id`) VALUES (143, 'Kruche', 'Odebrane', '1445.35', '645.93', '0', '2019-10-28 00:00:00', 43, 17, 4);
INSERT INTO `packages` (`package_id`, `package_type`, `package_status`, `package_weight`, `package_price`, `package_priority`, `package_date`, `client_id`, `recipient_id`, `transport_id`) VALUES (144, 'Normalne', 'Odebrane', '714.47', '4985.97', '0', '2019-10-28 00:00:00', 44, 96, 8);
INSERT INTO `packages` (`package_id`, `package_type`, `package_status`, `package_weight`, `package_price`, `package_priority`, `package_date`, `client_id`, `recipient_id`, `transport_id`) VALUES (145, 'Kruche', 'Odebrane', '211.72', '4638.59', '1', '2019-10-28 00:00:00', 45, 1, 9);
INSERT INTO `packages` (`package_id`, `package_type`, `package_status`, `package_weight`, `package_price`, `package_priority`, `package_date`, `client_id`, `recipient_id`, `transport_id`) VALUES (146, 'Niebezpieczne', 'Odebrane', '1071.93', '999.62', '1', '2019-10-28 00:00:00', 46, 35, 8);
INSERT INTO `packages` (`package_id`, `package_type`, `package_status`, `package_weight`, `package_price`, `package_priority`, `package_date`, `client_id`, `recipient_id`, `transport_id`) VALUES (147, 'Normalne', 'Odebrane', '1949.00', '4115.82', '0', '2019-10-28 00:00:00', 47, 13, 11);
INSERT INTO `packages` (`package_id`, `package_type`, `package_status`, `package_weight`, `package_price`, `package_priority`, `package_date`, `client_id`, `recipient_id`, `transport_id`) VALUES (148, 'Kruche', 'Odebrane', '996.22', '886.27', '1', '2019-10-28 00:00:00', 48, 2, 8);
INSERT INTO `packages` (`package_id`, `package_type`, `package_status`, `package_weight`, `package_price`, `package_priority`, `package_date`, `client_id`, `recipient_id`, `transport_id`) VALUES (149, 'Normalne', 'Dostarczone', '493.13', '2924.81', '0', '2019-10-28 00:00:00', 49, 28, 5);
INSERT INTO `packages` (`package_id`, `package_type`, `package_status`, `package_weight`, `package_price`, `package_priority`, `package_date`, `client_id`, `recipient_id`, `transport_id`) VALUES (150, 'Niebezpieczne', 'Nieodebrane', '137.43', '2807.49', '0', '2019-10-28 00:00:00', 50, 60, 1);
INSERT INTO `packages` (`package_id`, `package_type`, `package_status`, `package_weight`, `package_price`, `package_priority`, `package_date`, `client_id`, `recipient_id`, `transport_id`) VALUES (151, 'Normalne', 'Nieodebrane', '645.08', '2469.85', '0', '2019-10-28 00:00:00', 51, 97, 10);
INSERT INTO `packages` (`package_id`, `package_type`, `package_status`, `package_weight`, `package_price`, `package_priority`, `package_date`, `client_id`, `recipient_id`, `transport_id`) VALUES (152, 'Kruche', 'Dostarczone', '1440.14', '4875.18', '1', '2019-10-28 00:00:00', 52, 82, 15);
INSERT INTO `packages` (`package_id`, `package_type`, `package_status`, `package_weight`, `package_price`, `package_priority`, `package_date`, `client_id`, `recipient_id`, `transport_id`) VALUES (153, 'Normalne', 'Nieodebrane', '43.70', '822.43', '0', '2019-10-28 00:00:00', 53, 18, 11);
INSERT INTO `packages` (`package_id`, `package_type`, `package_status`, `package_weight`, `package_price`, `package_priority`, `package_date`, `client_id`, `recipient_id`, `transport_id`) VALUES (154, 'Normalne', 'Nieodebrane', '1173.32', '2806.90', '1', '2019-10-28 00:00:00', 54, 53, 2);
INSERT INTO `packages` (`package_id`, `package_type`, `package_status`, `package_weight`, `package_price`, `package_priority`, `package_date`, `client_id`, `recipient_id`, `transport_id`) VALUES (155, 'Niebezpieczne', 'Nieodebrane', '647.09', '1738.96', '1', '2019-10-28 00:00:00', 55, 51, 11);
INSERT INTO `packages` (`package_id`, `package_type`, `package_status`, `package_weight`, `package_price`, `package_priority`, `package_date`, `client_id`, `recipient_id`, `transport_id`) VALUES (156, 'Niebezpieczne', 'Odebrane', '282.17', '4464.62', '0', '2019-10-28 00:00:00', 56, 17, 12);
INSERT INTO `packages` (`package_id`, `package_type`, `package_status`, `package_weight`, `package_price`, `package_priority`, `package_date`, `client_id`, `recipient_id`, `transport_id`) VALUES (157, 'Normalne', 'Dostarczone', '832.75', '303.86', '0', '2019-10-28 00:00:00', 57, 16, 9);
INSERT INTO `packages` (`package_id`, `package_type`, `package_status`, `package_weight`, `package_price`, `package_priority`, `package_date`, `client_id`, `recipient_id`, `transport_id`) VALUES (158, 'Normalne', 'Nieodebrane', '1537.76', '92.86', '1', '2019-10-28 00:00:00', 58, 46, 5);
INSERT INTO `packages` (`package_id`, `package_type`, `package_status`, `package_weight`, `package_price`, `package_priority`, `package_date`, `client_id`, `recipient_id`, `transport_id`) VALUES (159, 'Kruche', 'Odebrane', '1811.72', '297.14', '1', '2019-10-28 00:00:00', 59, 75, 7);
INSERT INTO `packages` (`package_id`, `package_type`, `package_status`, `package_weight`, `package_price`, `package_priority`, `package_date`, `client_id`, `recipient_id`, `transport_id`) VALUES (160, 'Niebezpieczne', 'Odebrane', '1423.54', '1757.06', '1', '2019-10-28 00:00:00', 60, 84, 12);
INSERT INTO `packages` (`package_id`, `package_type`, `package_status`, `package_weight`, `package_price`, `package_priority`, `package_date`, `client_id`, `recipient_id`, `transport_id`) VALUES (161, 'Normalne', 'Dostarczone', '1937.45', '4925.16', '0', '2019-10-28 00:00:00', 61, 97, 3);
INSERT INTO `packages` (`package_id`, `package_type`, `package_status`, `package_weight`, `package_price`, `package_priority`, `package_date`, `client_id`, `recipient_id`, `transport_id`) VALUES (162, 'Kruche', 'Nieodebrane', '539.32', '1638.57', '1', '2019-10-28 00:00:00', 62, 25, 2);
INSERT INTO `packages` (`package_id`, `package_type`, `package_status`, `package_weight`, `package_price`, `package_priority`, `package_date`, `client_id`, `recipient_id`, `transport_id`) VALUES (163, 'Niebezpieczne', 'Dostarczone', '1642.31', '1616.04', '0', '2019-10-28 00:00:00', 63, 89, 4);
INSERT INTO `packages` (`package_id`, `package_type`, `package_status`, `package_weight`, `package_price`, `package_priority`, `package_date`, `client_id`, `recipient_id`, `transport_id`) VALUES (164, 'Kruche', 'Odebrane', '438.02', '3254.91', '0', '2019-10-28 00:00:00', 64, 62, 3);
INSERT INTO `packages` (`package_id`, `package_type`, `package_status`, `package_weight`, `package_price`, `package_priority`, `package_date`, `client_id`, `recipient_id`, `transport_id`) VALUES (165, 'Niebezpieczne', 'Nieodebrane', '1253.97', '4503.60', '0', '2019-10-28 00:00:00', 65, 54, 4);
INSERT INTO `packages` (`package_id`, `package_type`, `package_status`, `package_weight`, `package_price`, `package_priority`, `package_date`, `client_id`, `recipient_id`, `transport_id`) VALUES (166, 'Kruche', 'Nieodebrane', '425.77', '3955.26', '1', '2019-10-28 00:00:00', 66, 20, 8);
INSERT INTO `packages` (`package_id`, `package_type`, `package_status`, `package_weight`, `package_price`, `package_priority`, `package_date`, `client_id`, `recipient_id`, `transport_id`) VALUES (167, 'Niebezpieczne', 'Nieodebrane', '912.03', '2128.15', '0', '2019-10-28 00:00:00', 67, 83, 1);
INSERT INTO `packages` (`package_id`, `package_type`, `package_status`, `package_weight`, `package_price`, `package_priority`, `package_date`, `client_id`, `recipient_id`, `transport_id`) VALUES (168, 'Kruche', 'Dostarczone', '518.04', '3237.17', '0', '2019-10-28 00:00:00', 68, 46, 1);
INSERT INTO `packages` (`package_id`, `package_type`, `package_status`, `package_weight`, `package_price`, `package_priority`, `package_date`, `client_id`, `recipient_id`, `transport_id`) VALUES (169, 'Normalne', 'Odebrane', '36.46', '751.07', '0', '2019-10-28 00:00:00', 69, 74, 15);
INSERT INTO `packages` (`package_id`, `package_type`, `package_status`, `package_weight`, `package_price`, `package_priority`, `package_date`, `client_id`, `recipient_id`, `transport_id`) VALUES (170, 'Normalne', 'Nieodebrane', '1858.55', '4694.60', '1', '2019-10-28 00:00:00', 70, 14, 4);
INSERT INTO `packages` (`package_id`, `package_type`, `package_status`, `package_weight`, `package_price`, `package_priority`, `package_date`, `client_id`, `recipient_id`, `transport_id`) VALUES (171, 'Niebezpieczne', 'Odebrane', '1202.77', '684.07', '1', '2019-10-28 00:00:00', 71, 69, 5);
INSERT INTO `packages` (`package_id`, `package_type`, `package_status`, `package_weight`, `package_price`, `package_priority`, `package_date`, `client_id`, `recipient_id`, `transport_id`) VALUES (172, 'Normalne', 'Nieodebrane', '1799.34', '2985.46', '0', '2019-10-28 00:00:00', 72, 98, 13);
INSERT INTO `packages` (`package_id`, `package_type`, `package_status`, `package_weight`, `package_price`, `package_priority`, `package_date`, `client_id`, `recipient_id`, `transport_id`) VALUES (173, 'Normalne', 'Odebrane', '1273.20', '4263.37', '0', '2019-10-28 00:00:00', 73, 84, 7);
INSERT INTO `packages` (`package_id`, `package_type`, `package_status`, `package_weight`, `package_price`, `package_priority`, `package_date`, `client_id`, `recipient_id`, `transport_id`) VALUES (174, 'Kruche', 'Odebrane', '411.78', '4124.62', '1', '2019-10-28 00:00:00', 74, 17, 9);
INSERT INTO `packages` (`package_id`, `package_type`, `package_status`, `package_weight`, `package_price`, `package_priority`, `package_date`, `client_id`, `recipient_id`, `transport_id`) VALUES (175, 'Normalne', 'Nieodebrane', '1162.27', '509.01', '0', '2019-10-28 00:00:00', 75, 84, 1);
INSERT INTO `packages` (`package_id`, `package_type`, `package_status`, `package_weight`, `package_price`, `package_priority`, `package_date`, `client_id`, `recipient_id`, `transport_id`) VALUES (176, 'Normalne', 'Odebrane', '712.36', '188.41', '1', '2019-10-28 00:00:00', 76, 34, 13);
INSERT INTO `packages` (`package_id`, `package_type`, `package_status`, `package_weight`, `package_price`, `package_priority`, `package_date`, `client_id`, `recipient_id`, `transport_id`) VALUES (177, 'Niebezpieczne', 'Nieodebrane', '1107.10', '4416.74', '1', '2019-10-28 00:00:00', 77, 19, 9);
INSERT INTO `packages` (`package_id`, `package_type`, `package_status`, `package_weight`, `package_price`, `package_priority`, `package_date`, `client_id`, `recipient_id`, `transport_id`) VALUES (178, 'Kruche', 'Nieodebrane', '1521.59', '2873.14', '0', '2019-10-28 00:00:00', 78, 90, 2);
INSERT INTO `packages` (`package_id`, `package_type`, `package_status`, `package_weight`, `package_price`, `package_priority`, `package_date`, `client_id`, `recipient_id`, `transport_id`) VALUES (179, 'Normalne', 'Dostarczone', '1459.39', '42.59', '0', '2019-10-28 00:00:00', 79, 84, 8);
INSERT INTO `packages` (`package_id`, `package_type`, `package_status`, `package_weight`, `package_price`, `package_priority`, `package_date`, `client_id`, `recipient_id`, `transport_id`) VALUES (180, 'Normalne', 'Nieodebrane', '1299.54', '1950.76', '0', '2019-10-28 00:00:00', 80, 24, 6);
INSERT INTO `packages` (`package_id`, `package_type`, `package_status`, `package_weight`, `package_price`, `package_priority`, `package_date`, `client_id`, `recipient_id`, `transport_id`) VALUES (181, 'Normalne', 'Nieodebrane', '1591.06', '1878.75', '1', '2019-10-28 00:00:00', 81, 73, 7);
INSERT INTO `packages` (`package_id`, `package_type`, `package_status`, `package_weight`, `package_price`, `package_priority`, `package_date`, `client_id`, `recipient_id`, `transport_id`) VALUES (182, 'Normalne', 'Dostarczone', '228.71', '2364.28', '0', '2019-10-28 00:00:00', 82, 88, 9);
INSERT INTO `packages` (`package_id`, `package_type`, `package_status`, `package_weight`, `package_price`, `package_priority`, `package_date`, `client_id`, `recipient_id`, `transport_id`) VALUES (183, 'Niebezpieczne', 'Odebrane', '1595.55', '421.23', '0', '2019-10-28 00:00:00', 83, 45, 6);
INSERT INTO `packages` (`package_id`, `package_type`, `package_status`, `package_weight`, `package_price`, `package_priority`, `package_date`, `client_id`, `recipient_id`, `transport_id`) VALUES (184, 'Normalne', 'Odebrane', '1998.56', '2598.77', '1', '2019-10-28 00:00:00', 84, 56, 3);
INSERT INTO `packages` (`package_id`, `package_type`, `package_status`, `package_weight`, `package_price`, `package_priority`, `package_date`, `client_id`, `recipient_id`, `transport_id`) VALUES (185, 'Normalne', 'Nieodebrane', '1059.86', '4895.84', '0', '2019-10-28 00:00:00', 85, 32, 11);
INSERT INTO `packages` (`package_id`, `package_type`, `package_status`, `package_weight`, `package_price`, `package_priority`, `package_date`, `client_id`, `recipient_id`, `transport_id`) VALUES (186, 'Kruche', 'Nieodebrane', '488.28', '2208.40', '1', '2019-10-28 00:00:00', 86, 41, 1);
INSERT INTO `packages` (`package_id`, `package_type`, `package_status`, `package_weight`, `package_price`, `package_priority`, `package_date`, `client_id`, `recipient_id`, `transport_id`) VALUES (187, 'Niebezpieczne', 'Odebrane', '1015.41', '1203.18', '1', '2019-10-28 00:00:00', 87, 99, 6);
INSERT INTO `packages` (`package_id`, `package_type`, `package_status`, `package_weight`, `package_price`, `package_priority`, `package_date`, `client_id`, `recipient_id`, `transport_id`) VALUES (188, 'Kruche', 'Odebrane', '1013.07', '286.49', '1', '2019-10-28 00:00:00', 88, 85, 13);
INSERT INTO `packages` (`package_id`, `package_type`, `package_status`, `package_weight`, `package_price`, `package_priority`, `package_date`, `client_id`, `recipient_id`, `transport_id`) VALUES (189, 'Kruche', 'Odebrane', '458.39', '3406.38', '1', '2019-10-28 00:00:00', 89, 82, 1);
INSERT INTO `packages` (`package_id`, `package_type`, `package_status`, `package_weight`, `package_price`, `package_priority`, `package_date`, `client_id`, `recipient_id`, `transport_id`) VALUES (190, 'Niebezpieczne', 'Odebrane', '830.13', '4803.34', '1', '2019-10-28 00:00:00', 90, 40, 10);
INSERT INTO `packages` (`package_id`, `package_type`, `package_status`, `package_weight`, `package_price`, `package_priority`, `package_date`, `client_id`, `recipient_id`, `transport_id`) VALUES (191, 'Niebezpieczne', 'Nieodebrane', '845.80', '845.16', '0', '2019-10-28 00:00:00', 91, 3, 11);
INSERT INTO `packages` (`package_id`, `package_type`, `package_status`, `package_weight`, `package_price`, `package_priority`, `package_date`, `client_id`, `recipient_id`, `transport_id`) VALUES (192, 'Normalne', 'Dostarczone', '1294.52', '65.99', '1', '2019-10-28 00:00:00', 92, 46, 4);
INSERT INTO `packages` (`package_id`, `package_type`, `package_status`, `package_weight`, `package_price`, `package_priority`, `package_date`, `client_id`, `recipient_id`, `transport_id`) VALUES (193, 'Kruche', 'Nieodebrane', '1392.07', '3873.21', '0', '2019-10-28 00:00:00', 93, 31, 6);
INSERT INTO `packages` (`package_id`, `package_type`, `package_status`, `package_weight`, `package_price`, `package_priority`, `package_date`, `client_id`, `recipient_id`, `transport_id`) VALUES (194, 'Niebezpieczne', 'Odebrane', '1911.06', '845.11', '0', '2019-10-28 00:00:00', 94, 30, 3);
INSERT INTO `packages` (`package_id`, `package_type`, `package_status`, `package_weight`, `package_price`, `package_priority`, `package_date`, `client_id`, `recipient_id`, `transport_id`) VALUES (195, 'Niebezpieczne', 'Dostarczone', '1336.03', '768.60', '1', '2019-10-28 00:00:00', 95, 86, 8);
INSERT INTO `packages` (`package_id`, `package_type`, `package_status`, `package_weight`, `package_price`, `package_priority`, `package_date`, `client_id`, `recipient_id`, `transport_id`) VALUES (196, 'Kruche', 'Nieodebrane', '1079.45', '4230.48', '1', '2019-10-28 00:00:00', 96, 52, 9);
INSERT INTO `packages` (`package_id`, `package_type`, `package_status`, `package_weight`, `package_price`, `package_priority`, `package_date`, `client_id`, `recipient_id`, `transport_id`) VALUES (197, 'Kruche', 'Dostarczone', '928.83', '667.59', '1', '2019-10-28 00:00:00', 97, 96, 6);
INSERT INTO `packages` (`package_id`, `package_type`, `package_status`, `package_weight`, `package_price`, `package_priority`, `package_date`, `client_id`, `recipient_id`, `transport_id`) VALUES (198, 'Kruche', 'Dostarczone', '1625.31', '2981.15', '0', '2019-10-28 00:00:00', 98, 13, 6);
INSERT INTO `packages` (`package_id`, `package_type`, `package_status`, `package_weight`, `package_price`, `package_priority`, `package_date`, `client_id`, `recipient_id`, `transport_id`) VALUES (199, 'Niebezpieczne', 'Dostarczone', '304.47', '2908.88', '1', '2019-10-28 00:00:00', 99, 73, 11);
INSERT INTO `packages` (`package_id`, `package_type`, `package_status`, `package_weight`, `package_price`, `package_priority`, `package_date`, `client_id`, `recipient_id`, `transport_id`) VALUES (200, 'Normalne', 'Odebrane', '22.02', '889.07', '1', '2019-10-28 00:00:00', 100, 57, 1);
INSERT INTO `packages` (`package_id`, `package_type`, `package_status`, `package_weight`, `package_price`, `package_priority`, `package_date`, `client_id`, `recipient_id`, `transport_id`) VALUES (201, 'Normalne', 'Odebrane', '1496.58', '4129.20', '1', '2019-10-28 00:00:00', 1, 36, 15);
INSERT INTO `packages` (`package_id`, `package_type`, `package_status`, `package_weight`, `package_price`, `package_priority`, `package_date`, `client_id`, `recipient_id`, `transport_id`) VALUES (202, 'Kruche', 'Nieodebrane', '1444.43', '1112.35', '0', '2019-10-28 00:00:00', 2, 5, 6);
INSERT INTO `packages` (`package_id`, `package_type`, `package_status`, `package_weight`, `package_price`, `package_priority`, `package_date`, `client_id`, `recipient_id`, `transport_id`) VALUES (203, 'Normalne', 'Nieodebrane', '986.41', '1175.36', '1', '2019-10-28 00:00:00', 3, 36, 14);
INSERT INTO `packages` (`package_id`, `package_type`, `package_status`, `package_weight`, `package_price`, `package_priority`, `package_date`, `client_id`, `recipient_id`, `transport_id`) VALUES (204, 'Normalne', 'Dostarczone', '574.66', '2183.25', '1', '2019-10-28 00:00:00', 4, 16, 3);
INSERT INTO `packages` (`package_id`, `package_type`, `package_status`, `package_weight`, `package_price`, `package_priority`, `package_date`, `client_id`, `recipient_id`, `transport_id`) VALUES (205, 'Kruche', 'Dostarczone', '1576.50', '4965.94', '0', '2019-10-28 00:00:00', 5, 92, 9);
INSERT INTO `packages` (`package_id`, `package_type`, `package_status`, `package_weight`, `package_price`, `package_priority`, `package_date`, `client_id`, `recipient_id`, `transport_id`) VALUES (206, 'Niebezpieczne', 'Nieodebrane', '1402.28', '2159.54', '1', '2019-10-28 00:00:00', 6, 83, 15);
INSERT INTO `packages` (`package_id`, `package_type`, `package_status`, `package_weight`, `package_price`, `package_priority`, `package_date`, `client_id`, `recipient_id`, `transport_id`) VALUES (207, 'Normalne', 'Dostarczone', '1262.45', '3271.26', '1', '2019-10-28 00:00:00', 7, 28, 5);
INSERT INTO `packages` (`package_id`, `package_type`, `package_status`, `package_weight`, `package_price`, `package_priority`, `package_date`, `client_id`, `recipient_id`, `transport_id`) VALUES (208, 'Niebezpieczne', 'Dostarczone', '1093.88', '330.05', '1', '2019-10-28 00:00:00', 8, 15, 9);
INSERT INTO `packages` (`package_id`, `package_type`, `package_status`, `package_weight`, `package_price`, `package_priority`, `package_date`, `client_id`, `recipient_id`, `transport_id`) VALUES (209, 'Kruche', 'Nieodebrane', '131.38', '4210.07', '1', '2019-10-28 00:00:00', 9, 63, 7);
INSERT INTO `packages` (`package_id`, `package_type`, `package_status`, `package_weight`, `package_price`, `package_priority`, `package_date`, `client_id`, `recipient_id`, `transport_id`) VALUES (210, 'Normalne', 'Dostarczone', '286.98', '87.49', '1', '2019-10-28 00:00:00', 10, 72, 8);
INSERT INTO `packages` (`package_id`, `package_type`, `package_status`, `package_weight`, `package_price`, `package_priority`, `package_date`, `client_id`, `recipient_id`, `transport_id`) VALUES (211, 'Niebezpieczne', 'Odebrane', '1289.46', '3372.22', '1', '2019-10-28 00:00:00', 11, 97, 4);
INSERT INTO `packages` (`package_id`, `package_type`, `package_status`, `package_weight`, `package_price`, `package_priority`, `package_date`, `client_id`, `recipient_id`, `transport_id`) VALUES (212, 'Kruche', 'Dostarczone', '93.30', '2956.90', '1', '2019-10-28 00:00:00', 12, 6, 14);
INSERT INTO `packages` (`package_id`, `package_type`, `package_status`, `package_weight`, `package_price`, `package_priority`, `package_date`, `client_id`, `recipient_id`, `transport_id`) VALUES (213, 'Normalne', 'Dostarczone', '1803.00', '2203.45', '0', '2019-10-28 00:00:00', 13, 63, 3);
INSERT INTO `packages` (`package_id`, `package_type`, `package_status`, `package_weight`, `package_price`, `package_priority`, `package_date`, `client_id`, `recipient_id`, `transport_id`) VALUES (214, 'Normalne', 'Dostarczone', '507.88', '238.45', '1', '2019-10-28 00:00:00', 14, 33, 6);
INSERT INTO `packages` (`package_id`, `package_type`, `package_status`, `package_weight`, `package_price`, `package_priority`, `package_date`, `client_id`, `recipient_id`, `transport_id`) VALUES (215, 'Normalne', 'Nieodebrane', '1867.59', '1034.94', '1', '2019-10-28 00:00:00', 15, 86, 14);
INSERT INTO `packages` (`package_id`, `package_type`, `package_status`, `package_weight`, `package_price`, `package_priority`, `package_date`, `client_id`, `recipient_id`, `transport_id`) VALUES (216, 'Normalne', 'Odebrane', '293.02', '3857.79', '1', '2019-10-28 00:00:00', 16, 40, 4);
INSERT INTO `packages` (`package_id`, `package_type`, `package_status`, `package_weight`, `package_price`, `package_priority`, `package_date`, `client_id`, `recipient_id`, `transport_id`) VALUES (217, 'Niebezpieczne', 'Nieodebrane', '479.58', '4819.02', '1', '2019-10-28 00:00:00', 17, 87, 7);
INSERT INTO `packages` (`package_id`, `package_type`, `package_status`, `package_weight`, `package_price`, `package_priority`, `package_date`, `client_id`, `recipient_id`, `transport_id`) VALUES (218, 'Niebezpieczne', 'Nieodebrane', '1817.56', '877.47', '1', '2019-10-28 00:00:00', 18, 55, 4);
INSERT INTO `packages` (`package_id`, `package_type`, `package_status`, `package_weight`, `package_price`, `package_priority`, `package_date`, `client_id`, `recipient_id`, `transport_id`) VALUES (219, 'Normalne', 'Odebrane', '1067.21', '3227.64', '0', '2019-10-28 00:00:00', 19, 34, 11);
INSERT INTO `packages` (`package_id`, `package_type`, `package_status`, `package_weight`, `package_price`, `package_priority`, `package_date`, `client_id`, `recipient_id`, `transport_id`) VALUES (220, 'Kruche', 'Odebrane', '1587.21', '3031.69', '0', '2019-10-28 00:00:00', 20, 40, 4);
INSERT INTO `packages` (`package_id`, `package_type`, `package_status`, `package_weight`, `package_price`, `package_priority`, `package_date`, `client_id`, `recipient_id`, `transport_id`) VALUES (221, 'Kruche', 'Nieodebrane', '11.40', '1032.51', '1', '2019-10-28 00:00:00', 21, 25, 4);
INSERT INTO `packages` (`package_id`, `package_type`, `package_status`, `package_weight`, `package_price`, `package_priority`, `package_date`, `client_id`, `recipient_id`, `transport_id`) VALUES (222, 'Normalne', 'Nieodebrane', '358.54', '1970.34', '0', '2019-10-28 00:00:00', 22, 19, 8);
INSERT INTO `packages` (`package_id`, `package_type`, `package_status`, `package_weight`, `package_price`, `package_priority`, `package_date`, `client_id`, `recipient_id`, `transport_id`) VALUES (223, 'Niebezpieczne', 'Nieodebrane', '1442.77', '2928.01', '0', '2019-10-28 00:00:00', 23, 51, 5);
INSERT INTO `packages` (`package_id`, `package_type`, `package_status`, `package_weight`, `package_price`, `package_priority`, `package_date`, `client_id`, `recipient_id`, `transport_id`) VALUES (224, 'Normalne', 'Dostarczone', '1957.51', '4809.96', '1', '2019-10-28 00:00:00', 24, 11, 2);
INSERT INTO `packages` (`package_id`, `package_type`, `package_status`, `package_weight`, `package_price`, `package_priority`, `package_date`, `client_id`, `recipient_id`, `transport_id`) VALUES (225, 'Niebezpieczne', 'Nieodebrane', '1987.29', '543.26', '1', '2019-10-28 00:00:00', 25, 77, 13);
INSERT INTO `packages` (`package_id`, `package_type`, `package_status`, `package_weight`, `package_price`, `package_priority`, `package_date`, `client_id`, `recipient_id`, `transport_id`) VALUES (226, 'Niebezpieczne', 'Dostarczone', '1484.08', '779.79', '0', '2019-10-28 00:00:00', 26, 61, 12);
INSERT INTO `packages` (`package_id`, `package_type`, `package_status`, `package_weight`, `package_price`, `package_priority`, `package_date`, `client_id`, `recipient_id`, `transport_id`) VALUES (227, 'Kruche', 'Dostarczone', '614.46', '442.00', '1', '2019-10-28 00:00:00', 27, 6, 10);
INSERT INTO `packages` (`package_id`, `package_type`, `package_status`, `package_weight`, `package_price`, `package_priority`, `package_date`, `client_id`, `recipient_id`, `transport_id`) VALUES (228, 'Normalne', 'Dostarczone', '792.63', '2682.20', '1', '2019-10-28 00:00:00', 28, 66, 11);
INSERT INTO `packages` (`package_id`, `package_type`, `package_status`, `package_weight`, `package_price`, `package_priority`, `package_date`, `client_id`, `recipient_id`, `transport_id`) VALUES (229, 'Kruche', 'Odebrane', '1381.11', '453.00', '0', '2019-10-28 00:00:00', 29, 84, 15);
INSERT INTO `packages` (`package_id`, `package_type`, `package_status`, `package_weight`, `package_price`, `package_priority`, `package_date`, `client_id`, `recipient_id`, `transport_id`) VALUES (230, 'Kruche', 'Nieodebrane', '1195.38', '1062.85', '1', '2019-10-28 00:00:00', 30, 3, 11);
INSERT INTO `packages` (`package_id`, `package_type`, `package_status`, `package_weight`, `package_price`, `package_priority`, `package_date`, `client_id`, `recipient_id`, `transport_id`) VALUES (231, 'Niebezpieczne', 'Odebrane', '391.49', '2283.42', '0', '2019-10-28 00:00:00', 31, 88, 7);
INSERT INTO `packages` (`package_id`, `package_type`, `package_status`, `package_weight`, `package_price`, `package_priority`, `package_date`, `client_id`, `recipient_id`, `transport_id`) VALUES (232, 'Kruche', 'Dostarczone', '451.85', '2264.69', '0', '2019-10-28 00:00:00', 32, 90, 12);
INSERT INTO `packages` (`package_id`, `package_type`, `package_status`, `package_weight`, `package_price`, `package_priority`, `package_date`, `client_id`, `recipient_id`, `transport_id`) VALUES (233, 'Kruche', 'Nieodebrane', '498.42', '4834.24', '1', '2019-10-28 00:00:00', 33, 86, 7);
INSERT INTO `packages` (`package_id`, `package_type`, `package_status`, `package_weight`, `package_price`, `package_priority`, `package_date`, `client_id`, `recipient_id`, `transport_id`) VALUES (234, 'Kruche', 'Nieodebrane', '1941.64', '2883.28', '1', '2019-10-28 00:00:00', 34, 96, 3);
INSERT INTO `packages` (`package_id`, `package_type`, `package_status`, `package_weight`, `package_price`, `package_priority`, `package_date`, `client_id`, `recipient_id`, `transport_id`) VALUES (235, 'Niebezpieczne', 'Odebrane', '428.17', '2886.44', '1', '2019-10-28 00:00:00', 35, 15, 6);
INSERT INTO `packages` (`package_id`, `package_type`, `package_status`, `package_weight`, `package_price`, `package_priority`, `package_date`, `client_id`, `recipient_id`, `transport_id`) VALUES (236, 'Niebezpieczne', 'Odebrane', '572.07', '1201.36', '0', '2019-10-28 00:00:00', 36, 44, 6);
INSERT INTO `packages` (`package_id`, `package_type`, `package_status`, `package_weight`, `package_price`, `package_priority`, `package_date`, `client_id`, `recipient_id`, `transport_id`) VALUES (237, 'Normalne', 'Dostarczone', '1954.68', '2315.16', '0', '2019-10-28 00:00:00', 37, 58, 10);
INSERT INTO `packages` (`package_id`, `package_type`, `package_status`, `package_weight`, `package_price`, `package_priority`, `package_date`, `client_id`, `recipient_id`, `transport_id`) VALUES (238, 'Niebezpieczne', 'Dostarczone', '957.09', '4012.85', '1', '2019-10-28 00:00:00', 38, 93, 2);
INSERT INTO `packages` (`package_id`, `package_type`, `package_status`, `package_weight`, `package_price`, `package_priority`, `package_date`, `client_id`, `recipient_id`, `transport_id`) VALUES (239, 'Niebezpieczne', 'Odebrane', '263.23', '407.96', '1', '2019-10-28 00:00:00', 39, 96, 1);
INSERT INTO `packages` (`package_id`, `package_type`, `package_status`, `package_weight`, `package_price`, `package_priority`, `package_date`, `client_id`, `recipient_id`, `transport_id`) VALUES (240, 'Kruche', 'Nieodebrane', '1343.29', '3935.35', '0', '2019-10-28 00:00:00', 40, 21, 11);
INSERT INTO `packages` (`package_id`, `package_type`, `package_status`, `package_weight`, `package_price`, `package_priority`, `package_date`, `client_id`, `recipient_id`, `transport_id`) VALUES (241, 'Niebezpieczne', 'Dostarczone', '1342.48', '1660.67', '0', '2019-10-28 00:00:00', 41, 86, 13);
INSERT INTO `packages` (`package_id`, `package_type`, `package_status`, `package_weight`, `package_price`, `package_priority`, `package_date`, `client_id`, `recipient_id`, `transport_id`) VALUES (242, 'Niebezpieczne', 'Dostarczone', '972.68', '2887.35', '1', '2019-10-28 00:00:00', 42, 46, 14);
INSERT INTO `packages` (`package_id`, `package_type`, `package_status`, `package_weight`, `package_price`, `package_priority`, `package_date`, `client_id`, `recipient_id`, `transport_id`) VALUES (243, 'Niebezpieczne', 'Odebrane', '1921.72', '2688.36', '1', '2019-10-28 00:00:00', 43, 47, 2);
INSERT INTO `packages` (`package_id`, `package_type`, `package_status`, `package_weight`, `package_price`, `package_priority`, `package_date`, `client_id`, `recipient_id`, `transport_id`) VALUES (244, 'Normalne', 'Odebrane', '1290.32', '173.81', '0', '2019-10-28 00:00:00', 44, 60, 5);
INSERT INTO `packages` (`package_id`, `package_type`, `package_status`, `package_weight`, `package_price`, `package_priority`, `package_date`, `client_id`, `recipient_id`, `transport_id`) VALUES (245, 'Normalne', 'Odebrane', '563.25', '1429.81', '1', '2019-10-28 00:00:00', 45, 10, 10);
INSERT INTO `packages` (`package_id`, `package_type`, `package_status`, `package_weight`, `package_price`, `package_priority`, `package_date`, `client_id`, `recipient_id`, `transport_id`) VALUES (246, 'Normalne', 'Dostarczone', '408.18', '2132.89', '0', '2019-10-28 00:00:00', 46, 99, 15);
INSERT INTO `packages` (`package_id`, `package_type`, `package_status`, `package_weight`, `package_price`, `package_priority`, `package_date`, `client_id`, `recipient_id`, `transport_id`) VALUES (247, 'Normalne', 'Dostarczone', '1756.75', '4593.63', '0', '2019-10-28 00:00:00', 47, 4, 14);
INSERT INTO `packages` (`package_id`, `package_type`, `package_status`, `package_weight`, `package_price`, `package_priority`, `package_date`, `client_id`, `recipient_id`, `transport_id`) VALUES (248, 'Normalne', 'Dostarczone', '1461.55', '44.98', '0', '2019-10-28 00:00:00', 48, 71, 14);
INSERT INTO `packages` (`package_id`, `package_type`, `package_status`, `package_weight`, `package_price`, `package_priority`, `package_date`, `client_id`, `recipient_id`, `transport_id`) VALUES (249, 'Niebezpieczne', 'Odebrane', '186.50', '4260.48', '0', '2019-10-28 00:00:00', 49, 32, 10);
INSERT INTO `packages` (`package_id`, `package_type`, `package_status`, `package_weight`, `package_price`, `package_priority`, `package_date`, `client_id`, `recipient_id`, `transport_id`) VALUES (250, 'Kruche', 'Nieodebrane', '998.68', '1462.95', '0', '2019-10-28 00:00:00', 50, 9, 7);
INSERT INTO `packages` (`package_id`, `package_type`, `package_status`, `package_weight`, `package_price`, `package_priority`, `package_date`, `client_id`, `recipient_id`, `transport_id`) VALUES (251, 'Niebezpieczne', 'Odebrane', '1568.63', '1772.21', '0', '2019-10-28 00:00:00', 51, 2, 8);
INSERT INTO `packages` (`package_id`, `package_type`, `package_status`, `package_weight`, `package_price`, `package_priority`, `package_date`, `client_id`, `recipient_id`, `transport_id`) VALUES (252, 'Niebezpieczne', 'Odebrane', '1550.51', '1797.21', '1', '2019-10-28 00:00:00', 52, 86, 9);
INSERT INTO `packages` (`package_id`, `package_type`, `package_status`, `package_weight`, `package_price`, `package_priority`, `package_date`, `client_id`, `recipient_id`, `transport_id`) VALUES (253, 'Niebezpieczne', 'Nieodebrane', '607.98', '4301.43', '1', '2019-10-28 00:00:00', 53, 15, 12);
INSERT INTO `packages` (`package_id`, `package_type`, `package_status`, `package_weight`, `package_price`, `package_priority`, `package_date`, `client_id`, `recipient_id`, `transport_id`) VALUES (254, 'Kruche', 'Nieodebrane', '809.48', '1688.55', '1', '2019-10-28 00:00:00', 54, 67, 2);
INSERT INTO `packages` (`package_id`, `package_type`, `package_status`, `package_weight`, `package_price`, `package_priority`, `package_date`, `client_id`, `recipient_id`, `transport_id`) VALUES (255, 'Normalne', 'Nieodebrane', '1519.20', '194.13', '1', '2019-10-28 00:00:00', 55, 81, 14);
INSERT INTO `packages` (`package_id`, `package_type`, `package_status`, `package_weight`, `package_price`, `package_priority`, `package_date`, `client_id`, `recipient_id`, `transport_id`) VALUES (256, 'Kruche', 'Dostarczone', '455.29', '946.40', '1', '2019-10-28 00:00:00', 56, 82, 10);
INSERT INTO `packages` (`package_id`, `package_type`, `package_status`, `package_weight`, `package_price`, `package_priority`, `package_date`, `client_id`, `recipient_id`, `transport_id`) VALUES (257, 'Niebezpieczne', 'Odebrane', '1199.69', '286.15', '1', '2019-10-28 00:00:00', 57, 69, 5);
INSERT INTO `packages` (`package_id`, `package_type`, `package_status`, `package_weight`, `package_price`, `package_priority`, `package_date`, `client_id`, `recipient_id`, `transport_id`) VALUES (258, 'Kruche', 'Odebrane', '98.22', '2335.35', '1', '2019-10-28 00:00:00', 58, 58, 3);
INSERT INTO `packages` (`package_id`, `package_type`, `package_status`, `package_weight`, `package_price`, `package_priority`, `package_date`, `client_id`, `recipient_id`, `transport_id`) VALUES (259, 'Kruche', 'Odebrane', '601.66', '3311.46', '1', '2019-10-28 00:00:00', 59, 39, 3);
INSERT INTO `packages` (`package_id`, `package_type`, `package_status`, `package_weight`, `package_price`, `package_priority`, `package_date`, `client_id`, `recipient_id`, `transport_id`) VALUES (260, 'Kruche', 'Dostarczone', '755.08', '3895.31', '0', '2019-10-28 00:00:00', 60, 45, 8);
INSERT INTO `packages` (`package_id`, `package_type`, `package_status`, `package_weight`, `package_price`, `package_priority`, `package_date`, `client_id`, `recipient_id`, `transport_id`) VALUES (261, 'Kruche', 'Odebrane', '1493.83', '3562.00', '1', '2019-10-28 00:00:00', 61, 80, 7);
INSERT INTO `packages` (`package_id`, `package_type`, `package_status`, `package_weight`, `package_price`, `package_priority`, `package_date`, `client_id`, `recipient_id`, `transport_id`) VALUES (262, 'Kruche', 'Nieodebrane', '772.89', '3532.58', '0', '2019-10-28 00:00:00', 62, 46, 13);
INSERT INTO `packages` (`package_id`, `package_type`, `package_status`, `package_weight`, `package_price`, `package_priority`, `package_date`, `client_id`, `recipient_id`, `transport_id`) VALUES (263, 'Normalne', 'Dostarczone', '1347.86', '4248.01', '1', '2019-10-28 00:00:00', 63, 31, 3);
INSERT INTO `packages` (`package_id`, `package_type`, `package_status`, `package_weight`, `package_price`, `package_priority`, `package_date`, `client_id`, `recipient_id`, `transport_id`) VALUES (264, 'Niebezpieczne', 'Odebrane', '300.48', '783.81', '1', '2019-10-28 00:00:00', 64, 74, 10);
INSERT INTO `packages` (`package_id`, `package_type`, `package_status`, `package_weight`, `package_price`, `package_priority`, `package_date`, `client_id`, `recipient_id`, `transport_id`) VALUES (265, 'Niebezpieczne', 'Nieodebrane', '1321.11', '737.12', '1', '2019-10-28 00:00:00', 65, 81, 13);
INSERT INTO `packages` (`package_id`, `package_type`, `package_status`, `package_weight`, `package_price`, `package_priority`, `package_date`, `client_id`, `recipient_id`, `transport_id`) VALUES (266, 'Normalne', 'Nieodebrane', '214.78', '1906.55', '1', '2019-10-28 00:00:00', 66, 9, 13);
INSERT INTO `packages` (`package_id`, `package_type`, `package_status`, `package_weight`, `package_price`, `package_priority`, `package_date`, `client_id`, `recipient_id`, `transport_id`) VALUES (267, 'Normalne', 'Nieodebrane', '1822.45', '1871.89', '1', '2019-10-28 00:00:00', 67, 35, 15);
INSERT INTO `packages` (`package_id`, `package_type`, `package_status`, `package_weight`, `package_price`, `package_priority`, `package_date`, `client_id`, `recipient_id`, `transport_id`) VALUES (268, 'Normalne', 'Odebrane', '123.40', '2215.34', '0', '2019-10-28 00:00:00', 68, 42, 8);
INSERT INTO `packages` (`package_id`, `package_type`, `package_status`, `package_weight`, `package_price`, `package_priority`, `package_date`, `client_id`, `recipient_id`, `transport_id`) VALUES (269, 'Niebezpieczne', 'Dostarczone', '1116.62', '2827.07', '0', '2019-10-28 00:00:00', 69, 73, 2);
INSERT INTO `packages` (`package_id`, `package_type`, `package_status`, `package_weight`, `package_price`, `package_priority`, `package_date`, `client_id`, `recipient_id`, `transport_id`) VALUES (270, 'Niebezpieczne', 'Odebrane', '1989.68', '2463.63', '1', '2019-10-28 00:00:00', 70, 59, 8);
INSERT INTO `packages` (`package_id`, `package_type`, `package_status`, `package_weight`, `package_price`, `package_priority`, `package_date`, `client_id`, `recipient_id`, `transport_id`) VALUES (271, 'Normalne', 'Nieodebrane', '1035.48', '1405.68', '0', '2019-10-28 00:00:00', 71, 96, 6);
INSERT INTO `packages` (`package_id`, `package_type`, `package_status`, `package_weight`, `package_price`, `package_priority`, `package_date`, `client_id`, `recipient_id`, `transport_id`) VALUES (272, 'Niebezpieczne', 'Dostarczone', '172.40', '2518.07', '1', '2019-10-28 00:00:00', 72, 19, 10);
INSERT INTO `packages` (`package_id`, `package_type`, `package_status`, `package_weight`, `package_price`, `package_priority`, `package_date`, `client_id`, `recipient_id`, `transport_id`) VALUES (273, 'Niebezpieczne', 'Nieodebrane', '1376.74', '2084.19', '1', '2019-10-28 00:00:00', 73, 67, 12);
INSERT INTO `packages` (`package_id`, `package_type`, `package_status`, `package_weight`, `package_price`, `package_priority`, `package_date`, `client_id`, `recipient_id`, `transport_id`) VALUES (274, 'Kruche', 'Dostarczone', '273.12', '2084.55', '1', '2019-10-28 00:00:00', 74, 79, 1);
INSERT INTO `packages` (`package_id`, `package_type`, `package_status`, `package_weight`, `package_price`, `package_priority`, `package_date`, `client_id`, `recipient_id`, `transport_id`) VALUES (275, 'Kruche', 'Dostarczone', '1119.86', '4115.02', '0', '2019-10-28 00:00:00', 75, 95, 4);
INSERT INTO `packages` (`package_id`, `package_type`, `package_status`, `package_weight`, `package_price`, `package_priority`, `package_date`, `client_id`, `recipient_id`, `transport_id`) VALUES (276, 'Normalne', 'Nieodebrane', '1188.01', '4166.85', '0', '2019-10-28 00:00:00', 76, 54, 12);
INSERT INTO `packages` (`package_id`, `package_type`, `package_status`, `package_weight`, `package_price`, `package_priority`, `package_date`, `client_id`, `recipient_id`, `transport_id`) VALUES (277, 'Kruche', 'Dostarczone', '1501.81', '530.48', '1', '2019-10-28 00:00:00', 77, 67, 15);
INSERT INTO `packages` (`package_id`, `package_type`, `package_status`, `package_weight`, `package_price`, `package_priority`, `package_date`, `client_id`, `recipient_id`, `transport_id`) VALUES (278, 'Niebezpieczne', 'Dostarczone', '772.13', '1349.61', '0', '2019-10-28 00:00:00', 78, 58, 15);
INSERT INTO `packages` (`package_id`, `package_type`, `package_status`, `package_weight`, `package_price`, `package_priority`, `package_date`, `client_id`, `recipient_id`, `transport_id`) VALUES (279, 'Normalne', 'Dostarczone', '100.45', '4914.54', '0', '2019-10-28 00:00:00', 79, 14, 5);
INSERT INTO `packages` (`package_id`, `package_type`, `package_status`, `package_weight`, `package_price`, `package_priority`, `package_date`, `client_id`, `recipient_id`, `transport_id`) VALUES (280, 'Kruche', 'Nieodebrane', '1089.93', '3152.02', '0', '2019-10-28 00:00:00', 80, 60, 15);
INSERT INTO `packages` (`package_id`, `package_type`, `package_status`, `package_weight`, `package_price`, `package_priority`, `package_date`, `client_id`, `recipient_id`, `transport_id`) VALUES (281, 'Niebezpieczne', 'Odebrane', '1481.89', '3920.92', '1', '2019-10-28 00:00:00', 81, 13, 11);
INSERT INTO `packages` (`package_id`, `package_type`, `package_status`, `package_weight`, `package_price`, `package_priority`, `package_date`, `client_id`, `recipient_id`, `transport_id`) VALUES (282, 'Kruche', 'Dostarczone', '1557.23', '3059.57', '1', '2019-10-28 00:00:00', 82, 77, 7);
INSERT INTO `packages` (`package_id`, `package_type`, `package_status`, `package_weight`, `package_price`, `package_priority`, `package_date`, `client_id`, `recipient_id`, `transport_id`) VALUES (283, 'Kruche', 'Odebrane', '782.30', '2564.42', '1', '2019-10-28 00:00:00', 83, 63, 3);
INSERT INTO `packages` (`package_id`, `package_type`, `package_status`, `package_weight`, `package_price`, `package_priority`, `package_date`, `client_id`, `recipient_id`, `transport_id`) VALUES (284, 'Niebezpieczne', 'Dostarczone', '134.29', '2688.40', '0', '2019-10-28 00:00:00', 84, 96, 6);
INSERT INTO `packages` (`package_id`, `package_type`, `package_status`, `package_weight`, `package_price`, `package_priority`, `package_date`, `client_id`, `recipient_id`, `transport_id`) VALUES (285, 'Normalne', 'Nieodebrane', '466.44', '3268.44', '1', '2019-10-28 00:00:00', 85, 27, 8);
INSERT INTO `packages` (`package_id`, `package_type`, `package_status`, `package_weight`, `package_price`, `package_priority`, `package_date`, `client_id`, `recipient_id`, `transport_id`) VALUES (286, 'Kruche', 'Odebrane', '1468.25', '1829.36', '0', '2019-10-28 00:00:00', 86, 88, 4);
INSERT INTO `packages` (`package_id`, `package_type`, `package_status`, `package_weight`, `package_price`, `package_priority`, `package_date`, `client_id`, `recipient_id`, `transport_id`) VALUES (287, 'Niebezpieczne', 'Dostarczone', '157.30', '2104.24', '0', '2019-10-28 00:00:00', 87, 93, 1);
INSERT INTO `packages` (`package_id`, `package_type`, `package_status`, `package_weight`, `package_price`, `package_priority`, `package_date`, `client_id`, `recipient_id`, `transport_id`) VALUES (288, 'Normalne', 'Nieodebrane', '927.73', '2262.04', '1', '2019-10-28 00:00:00', 88, 86, 9);
INSERT INTO `packages` (`package_id`, `package_type`, `package_status`, `package_weight`, `package_price`, `package_priority`, `package_date`, `client_id`, `recipient_id`, `transport_id`) VALUES (289, 'Normalne', 'Nieodebrane', '1238.52', '4230.06', '0', '2019-10-28 00:00:00', 89, 83, 10);
INSERT INTO `packages` (`package_id`, `package_type`, `package_status`, `package_weight`, `package_price`, `package_priority`, `package_date`, `client_id`, `recipient_id`, `transport_id`) VALUES (290, 'Kruche', 'Dostarczone', '1834.94', '1059.57', '1', '2019-10-28 00:00:00', 90, 65, 12);
INSERT INTO `packages` (`package_id`, `package_type`, `package_status`, `package_weight`, `package_price`, `package_priority`, `package_date`, `client_id`, `recipient_id`, `transport_id`) VALUES (291, 'Normalne', 'Nieodebrane', '1499.30', '4237.92', '0', '2019-10-28 00:00:00', 91, 89, 3);
INSERT INTO `packages` (`package_id`, `package_type`, `package_status`, `package_weight`, `package_price`, `package_priority`, `package_date`, `client_id`, `recipient_id`, `transport_id`) VALUES (292, 'Normalne', 'Nieodebrane', '494.34', '4307.32', '0', '2019-10-28 00:00:00', 92, 51, 9);
INSERT INTO `packages` (`package_id`, `package_type`, `package_status`, `package_weight`, `package_price`, `package_priority`, `package_date`, `client_id`, `recipient_id`, `transport_id`) VALUES (293, 'Niebezpieczne', 'Nieodebrane', '903.53', '4766.02', '1', '2019-10-28 00:00:00', 93, 18, 2);
INSERT INTO `packages` (`package_id`, `package_type`, `package_status`, `package_weight`, `package_price`, `package_priority`, `package_date`, `client_id`, `recipient_id`, `transport_id`) VALUES (294, 'Niebezpieczne', 'Odebrane', '964.51', '3390.73', '0', '2019-10-28 00:00:00', 94, 52, 5);
INSERT INTO `packages` (`package_id`, `package_type`, `package_status`, `package_weight`, `package_price`, `package_priority`, `package_date`, `client_id`, `recipient_id`, `transport_id`) VALUES (295, 'Normalne', 'Dostarczone', '749.13', '1067.58', '1', '2019-10-28 00:00:00', 95, 40, 2);
INSERT INTO `packages` (`package_id`, `package_type`, `package_status`, `package_weight`, `package_price`, `package_priority`, `package_date`, `client_id`, `recipient_id`, `transport_id`) VALUES (296, 'Normalne', 'Nieodebrane', '1756.69', '14.04', '1', '2019-10-28 00:00:00', 96, 27, 8);
INSERT INTO `packages` (`package_id`, `package_type`, `package_status`, `package_weight`, `package_price`, `package_priority`, `package_date`, `client_id`, `recipient_id`, `transport_id`) VALUES (297, 'Normalne', 'Dostarczone', '461.10', '2309.69', '0', '2019-10-28 00:00:00', 97, 80, 1);
INSERT INTO `packages` (`package_id`, `package_type`, `package_status`, `package_weight`, `package_price`, `package_priority`, `package_date`, `client_id`, `recipient_id`, `transport_id`) VALUES (298, 'Kruche', 'Nieodebrane', '427.04', '1306.11', '1', '2019-10-28 00:00:00', 98, 99, 7);
INSERT INTO `packages` (`package_id`, `package_type`, `package_status`, `package_weight`, `package_price`, `package_priority`, `package_date`, `client_id`, `recipient_id`, `transport_id`) VALUES (299, 'Normalne', 'Odebrane', '295.20', '3731.86', '0', '2019-10-28 00:00:00', 99, 21, 14);
INSERT INTO `packages` (`package_id`, `package_type`, `package_status`, `package_weight`, `package_price`, `package_priority`, `package_date`, `client_id`, `recipient_id`, `transport_id`) VALUES (300, 'Kruche', 'Dostarczone', '160.70', '1216.91', '1', '2019-10-28 00:00:00', 100, 77, 8);

#
# TABLE STRUCTURE FOR: reviews
#

#DROP TABLE IF EXISTS `reviews`;



INSERT INTO `reviews` (`review_id`, `stars`, `content`, `package_id`) VALUES (1, '5', 'Quidem qui explicabo unde vero sed. Iusto perspiciatis quam a maiores illum voluptas. Sint placeat ab error voluptatem enim voluptatem ipsum. Eius incidunt voluptas eum a quia quia voluptatum.', 1);
INSERT INTO `reviews` (`review_id`, `stars`, `content`, `package_id`) VALUES (2, '1', 'Dolorum eligendi nihil veritatis inventore occaecati. Porro recusandae adipisci dolorum asperiores. Nihil sit id fuga optio quibusdam.\nNecessitatibus delectus rerum aliquid. Iure in ad mollitia.', 2);
INSERT INTO `reviews` (`review_id`, `stars`, `content`, `package_id`) VALUES (3, '3', 'Et eaque explicabo nostrum soluta nulla voluptas. Eligendi eligendi ea et. Voluptas magnam iusto fugiat accusantium qui. Ut veritatis non rerum quia iure ad excepturi.', 3);
INSERT INTO `reviews` (`review_id`, `stars`, `content`, `package_id`) VALUES (4, '3', 'Tempore eum eligendi tenetur mollitia recusandae. Non aperiam nihil dolore reiciendis ut a. Id cupiditate dicta officia at iure unde officia earum.', 4);
INSERT INTO `reviews` (`review_id`, `stars`, `content`, `package_id`) VALUES (5, '1', 'Quos eum qui accusantium nam aut autem voluptate. Quidem repudiandae voluptatem ut nemo odio. Sunt nihil nemo recusandae modi aut quia qui nihil. Minima rerum totam sit quasi aperiam at voluptatum.', 5);
INSERT INTO `reviews` (`review_id`, `stars`, `content`, `package_id`) VALUES (6, '2', 'Sunt voluptatem harum autem labore. Nesciunt quidem est aut. Et ut placeat eaque sed ducimus aut facilis eum. Omnis sequi temporibus ipsum quibusdam culpa deserunt magni.', 6);
INSERT INTO `reviews` (`review_id`, `stars`, `content`, `package_id`) VALUES (7, '3', 'Perspiciatis amet suscipit voluptas sit voluptate cumque iste. A neque maxime possimus impedit. Culpa non non et praesentium.', 7);
INSERT INTO `reviews` (`review_id`, `stars`, `content`, `package_id`) VALUES (8, '5', 'Aliquid similique pariatur assumenda. Repellat voluptatem enim ut voluptate et est. Optio quo cumque animi sint molestias consectetur est. Laboriosam voluptatibus ut velit eveniet numquam et.', 8);
INSERT INTO `reviews` (`review_id`, `stars`, `content`, `package_id`) VALUES (9, '1', 'Aliquid enim debitis nemo et perspiciatis omnis. Maiores architecto dolores doloremque. Modi sed et in molestiae molestiae consequuntur. Sit est dignissimos quibusdam aut rerum.', 9);
INSERT INTO `reviews` (`review_id`, `stars`, `content`, `package_id`) VALUES (10, '3', 'Adipisci harum consequuntur deleniti quis necessitatibus ea voluptatibus velit. Omnis omnis accusantium voluptatem cum laboriosam fuga soluta.', 10);
INSERT INTO `reviews` (`review_id`, `stars`, `content`, `package_id`) VALUES (11, '2', 'Id dicta et sequi pariatur. Qui ea explicabo et amet fugit reprehenderit et fuga. Est unde in error. Dicta voluptatibus voluptates rerum dolores ipsum itaque.', 11);
INSERT INTO `reviews` (`review_id`, `stars`, `content`, `package_id`) VALUES (12, '2', 'Enim iste consequuntur aut cumque. Fuga doloremque eum nostrum id est sunt eligendi omnis. Ut explicabo placeat asperiores quia doloremque ea vero. Porro odio consequatur pariatur neque modi itaque.', 12);
INSERT INTO `reviews` (`review_id`, `stars`, `content`, `package_id`) VALUES (13, '2', 'Corrupti in earum debitis odit cumque. Qui temporibus enim sapiente magni. Est quis suscipit iste at tempora aliquam ipsa. Nemo enim rerum dolor sunt impedit et et quis.', 13);
INSERT INTO `reviews` (`review_id`, `stars`, `content`, `package_id`) VALUES (14, '2', 'Et iusto deleniti cum ad officiis aut nihil. Quia ab omnis tenetur corporis eum accusamus. Illum rerum omnis alias.', 14);
INSERT INTO `reviews` (`review_id`, `stars`, `content`, `package_id`) VALUES (15, '2', 'Earum repudiandae consequuntur ut modi vitae. Qui quas repellendus eum quidem in ut. Sit magnam et libero.', 15);
INSERT INTO `reviews` (`review_id`, `stars`, `content`, `package_id`) VALUES (16, '1', 'Quibusdam ducimus rerum eaque eum. Et voluptatibus maiores dolor tenetur. Repellendus dolorem maiores ratione inventore delectus eos.', 16);
INSERT INTO `reviews` (`review_id`, `stars`, `content`, `package_id`) VALUES (17, '5', 'Qui quia vitae qui. Ut reiciendis est ut velit. Nisi quo necessitatibus culpa.', 17);
INSERT INTO `reviews` (`review_id`, `stars`, `content`, `package_id`) VALUES (18, '5', 'Qui excepturi dignissimos et. Ut tempore aut est sit aperiam. Fuga molestias sed et culpa est sit. Adipisci velit qui sequi architecto ullam.', 18);
INSERT INTO `reviews` (`review_id`, `stars`, `content`, `package_id`) VALUES (19, '2', 'Eaque voluptates facere et quo ipsum. A et sapiente aliquam reiciendis. Cumque eaque modi sed repellendus eveniet itaque quasi. Corrupti dolor aut fuga velit autem alias quia.', 19);
INSERT INTO `reviews` (`review_id`, `stars`, `content`, `package_id`) VALUES (20, '3', 'Ipsum sunt ex ex pariatur porro molestias exercitationem. Aspernatur sit eos repudiandae accusamus repellat.', 20);



SET SQL_SAFE_UPDATES = 0;
